abarrotera,abarrotero,abarroteros,abarroteras
abastecedor,abastecedora,abastecedores,abastecedoras
abogada,abogado,abogados,abogadas
accionista,accionistas
acomodadora,acomodador,acomodadores,acomodadoras
actor,actora,actores,actoras,actriz,actrices
actuario,actuaria,actuarios,actuarias
acuarelista,acuarelistas
acupunturista,acupunturistas
administrador,administradora,administradores,administradoras
administrativo,administrativa,administrativos,administrativas
admisionista,admisionistas
aerografista,aerografistas
afiladora,afilador,afiladores,afiladoras
agente,agentes
agricultor,agricultora,agricultores,agricultoras
agronoma,agronomo,agronomos,agronomas
ajedrecista,ajedrecistas
ajustadora,ajustador,ajustadores,ajustadoras
albañila,albañil,albañiles,albañilas
alfarero,alfarera,alfareros,alfareras
alienista,alianistas
alineadora,alineador,alineadores,alineadoras
almacenera,almacenero,almaceneros,almaceneras
almacenista,almacenistas
ambientalista,ambientalistas
amolador,amoladora,amoladores,amoladoras
analista,analistas
andamiera,andamiero,andamieros,andamieras
anfitriona,anfitrion,anfitriones,anfitrionas
anilladora,anillador,anilladores,anilladoras
animador,animadora,animadores,animadoras
antropologa,antropologo,antropologos,antropologas
anudadora,anudador,anudadores,anudadoras
anunciador,anunciadora,anunciadores,anunciadoras
aparadora,aparador,aparadores,aparadoras
apoderado,apoderada,apoderados,apoderadas
aprendiz,aprendices
aprovisionador,aprovisionadora,aprovisionadores,aprovisionadoras
arbitro,arbitros
archivero,archivera,archiveros,archiveras
arenadora,arenador,arenadores,arenadoras
armadora,armador,armadores,armadoras
arqueologa,arqueologo,arqueologos,arqueologas
arquitecta,arquitecto,arquitectos,arquitectas
artesano,artesana,artesanos,artesanas
artifice,artifices
artista,artistas
aseguradora,asegurador,aseguradores,aseguradoras
asesor,asesora,asesores,asesoras
asistente,asistentes
asociado,asociada,asociados,asociadas
audiologa,audiologo,audiologos,audiologas
auditora,auditor,auditores,auditoras
autor,autora,autores,autoras
auxiliara,auxiliar,auxiliares,auxiliaras
aventurero,aventurera,aventureros,aventureras
averiguador,averiguadora,averiguadores,averiguadoras
aviador,aviadora,aviadores,aviadoras
avicultora,avicultor,avicultores,avicultoras
ayudante,ayudantes
azafata,azafatas
bañadora,bañador,bañadores,bañadoras
bailarin,bailarina,bailarines,bailarinas
barbero,barbera,barberos,barberas
barista,baristas
barrenadora,barrenador,barrenadores,barrenadoras
bartender,bartenders
baterista,bateristas
bibliotecaria,bibliotecario,bibliotecarios,bibliotecarias
bibliotecologo,bibliotecologa,bibliotecologos,bibliotecologas
biografo,biografa,biografos,biografas
biologa,biologo,biologos,biologas
bobinadora,bobinador,bobinadores,bobinadoras
bodeguera,bodeguero,bodegueros,bodegueras
bombera,bombero,bomberos,bomberas
bordadora,bordador,bordadores,bordadoras
bromatologa,bromatologo,bromatologos,bromatologas
buceador,buceadora,buceadores,buceadoras
buscador,buscadora,buscadores,buscadoras
buzo,buzos
cabinera,cabinero,cabineros,cabineras
cablista,cablistas
cadista,cadistas
cafetera,cafetero,cafeteros,cafeteras
cajero,cajera,cajeros,cajeras
calderera,calderero,caldereros,caldereras
calderista,calderistas
calibradora,calibrador,calibradores,calibradoras
caligrafo,caligrafa,caligrafos,caligrafas
camarero,camarera,camareros,camareras
camarografo,camarografa,camarografos,camarografas
cambiadora,cambiador,cambiadores,cambiadoras
cambista,cambistas
cantante,cantantes
cantor,cantora,cantores,cantoras
capacitadora,capacitador,capacitadores,capacitadoras
capataz,capatazes
capitan,capitanes
captadora,captador,captadores,captadoras
cardiologa,cardiologo,cardiologos,cardiologas
cargador,cargadora,cargadores,cargadoras
caricaturista,caricaturistas
carnicera,carnicero,carniceros,carniceras
carpintero,carpintera,carpinteros,carpinteras
cartografa,cartografo,cartografos,cartografas
catadora,catador,catadores,catadoras
catedratica,catedratico,catedraticos,catedraticas
catequista,catequistas
cauchera,cauchero,caucheros,caucheras
censadora,censador,censadores,censadoras
ceramista,ceramistas
cerista,ceristas
cerrajera,cerrajero,cerrajeros,cerrajeras
certificador,certificadora,certificadores,certificadoras
chaufera,chaufero,chauferos,chauferas
chef,chefs
chifera,chifero,chiferos,chiferas
chispero,chispera,chisperos,chisperas
chocolatera,chocolatero,chocolateros,chocolateras
chofer,choferes
churrera,churrero,churreros,churreras
ciclista,ciclistas
cientifica,cientifico,cientificos,cientificas
cirujana,cirujano,cirujanos,cirujanas
clasificadora,clasificador,clasificadores,clasificadoras
clavera,clavero,claveros,claveras
coach,coaches,coachs
cobrador,cobradora,cobradores,cobradoras
cocinero,cocinera,cocineros,cocineras
colaborador,colaboradora,colaboradores,colaboradoras
colchonera,colchonero,colchoneros,colchoneras
colorista,coloristas
comediante,comediantes
comentarista,comentaristas
comerciante,comerciantes
comico,comicos
comisario,comisaria,comisarios,camisarias
comisionado,comisionada,comisionados,comisionadas
comisionista,comisionistas
compositor,compositora,compositores,compositoras
compradora,comprador,compradores,compradoras
compresorista,compresoristas
comprobador,comprobadora,comprobadores,comprobadoras
comunicadora,comunicador,comunicadores,comunicadoras
concesionaria,concesionarias
conciliadora,conciliador,conciliadores,conciliadoras
conductor,conductora,conductores,coductoras
confeccionista,confeccionistas
confitero,confitera,confiteros,confiteras
conocedor,conocedora,conocedores,conocedoras
consejero,consejera,consejeros,consejeras
conserje,conserjes
constructora,constructor,constructores,constructoras
consultor,consultora,consultores,consultoras
contadora,contador,contadores,contadoras
contratante,contratantes
contratista,contrastistas
controlador,controladora,controladores,controladoras
coordinador,coordinadora,coordinadores,coordinadoras
corbatera,corbatero,corbateros,corbateras
coreografa,coreografo,coreografos,coreografas
correctora,corrector,correctores,correctoras
corredor,corredora,corredores,carredoras
cortadora,cortador,cortadores,cortadoras
cortinera,cortinero,cortineros,cortineras
cosmetologo,cosmetologos
cosmiatra,cosmiatras
costalero,costalera,costaleros,costaleras
costurera,costurero,costureros,costureras
cotizadora,cotizador,cotizadores,cotizadoras
counter,counters
creador,creadora,creadores,creadoras
criadora,criador,criadores,criadoras
crochetera,crocheteras
cronista,cronistas
crucerista,cruceristas
cuartelera,cuartelero,cuarteleros,cuarteleras
cuidador,cuidadora,cuidadores,cuidadoras
cultivador,cultivadora,cultivadores,cultivadoras
danzante,danzantes
dealer,dealers
decana,decano,decanos,decanas
decoradora,decorador,decoradores,decoradoras
degustador,degustadora,degustadores,degustadoras
delegado,delegada,delegados,delegadas
dentista,dentistas
dermatologa,dermatologo,dermatologos,dermatologas
desarrollador,desarrolladora,desarrolladores,desarrolladoras
despachadora,despachador,despachadores,despachadoras
destajera,destajero,destajeros,destajeras
detective,detectives
diagramadora,diagramador,diagramadores,diagramadoras
dibujante,dibujantes
dictaminador,dictaminadora,dictaminadores,dictaminadoras
didactico,didactica,didacticos,didacticas
digitadora,digitador,digitadores,digitadoras
diplomatica,diplomatico,diplomaticos,diplomaticas
directivo,directiva,directivos,directivas
director,directora,directores,directoras
dirigente,dirigentes
diseñadora,diseñador,diseñadores,diseñadoras
distribuidor,distribuidora,distribuidores,distribuidoras
docente,docentes
doctora,doctor,doctores,doctoras
domestica,domesticas
dueño,dueña,dueños,dueñas
ebanista,ebanistas
ecografa,ecografo,ecografos,ecografas
ecografista,ecografistas
economista,economistas
editora,editor,editores,editoras
educador,educadora,educadores,educadoras
ejecutante,ejecutantes
ejecutiva,ejecutivo,ejecutivos,ejecutivas
electricista,electricistas
electromecanica,electromecanico,electromecanicos,electromecanicas
embaladora,embalador,embaladores,embaladoras
embolsadora,embolsador,embolsadores,embolsadoras
emolientera,emolientero,emolienteros,emolienteras
empadronadora,empadronador,empadronadores,empadronadoras
empaquetadora,empaquetador,empaquetadores,empaquetadoras
empleada,empleado,empleados,empleadas
empleado publico,empleada publica,empleados publicos,empleadas publicas
empresario,empresaria,empresarios,empresarias
encargado,encargada,encargados,encargadas
encuadernadora,encuadernador,encuadernadores,encuadernadoras
encuestadora,encuestador,encuestadores,encuestadoras
endocrinologa,endocrinologo,endocrinologos,endocrinologas
endodoncista,endodoncistas
enfermera,enfermero,enfermeros,enfermeras
enologa,enologo,enologos,enologas
ensambladora,ensamblador,ensambladores,ensambladoras
enseñante,enseñantes
entomologa,entomologo,entomologos,entomologas
entrenador,entrenadora,entrenadores,entrenadoras
envasadora,envasador,envasadores,envasadoras
epidemiologa,epidemiologo,epidemiologos,epidemiologas
escritor,escritora,escritores,escritoras
escultora,escultor,escultores,escultoras
esmeriladora,esmerilador,esmeriladores,esmeriladoras
especialista,especialistas
estadista,estadistas
estampadora,estampador,estampadores,estampadoras
esterilizadora,esterilizador,esterilizadores,esterilizadoras
esteticista,esteticistas
estibadora,estibador,estibadores,estibadoras
estilista,estilistas
estomatologo,estomatologa,estomatologos,estomatologas
estrella,estrellas
etiquetadora,etiquetador,etiquetadores,etiquetadoras
examinador,examinadora,examinadores,examinadoras
excursionista,excursionistas
exegeta,exegetas
experto,experta,expertos,expertas
exploradora,explorador,exploradores,exploradoras
expositora,expositor,expositores,expositoras
extrusorista,extrusorista,extrusoristas,extrusoristas
fabricante,fabricantes
facialista,facialistas
facturadora,facturador,facturadores,facturadoras
facultativo,facultativa,facultativos,facultativas
false,trazadores,trazadoreses,falses
farmaceutica,farmaceutico,farmaceuticos,farmaceuticas
farmacologo,farmacologa,farmacologos,farmacologas
fedatario,fedataria,fedatarios,fedatarias
feriante,feriantes
ferretera,ferretero,ferreteros,ferreteras
fierrera,fierrero,fierreros,fierreras
fileteadora,fileteador,fileteadores,fileteadoras
filmadora,filmador,filmadores,filmadoras
filologo,filologa,filologos,filologas
filosofa,filosofo,filosofos,filosofas
financiero,financiaera,financieros,financieras
fisica,fisico,fisicos,fisicas
fisicoculturista,fisicoculturistas
fisioterapeuta,fisioterapeutas
fisioterapista,fisioterapistas
flexografa,flexografo,flexografos,flexografas
floricultor,floricultora,floricultores,floricultoras
florista,floristas
focalizadora,focalizador,focalizadores,focalizadoras
fogonero,fogonera,fogoneros,fogoneras
forjadora,forjador,forjadores,forjadoras
fotocopista,fotocopistas
fotograbadora,fotograbador,fotograbadores,fotograbadoras
fotografa,fotografo,fotografos,fotografas
fumigadora,fumigador,fumigadores,fumigadoras
funcionaria,funcionario,funcionarios,funcionarias
fundidora,fundidor,fundidores,fundidoras
fustero,fustera,fusteros,fusteras
galponera,galponero,galponeros,galponeras
ganadero,ganadera,ganaderos,ganaderas
gasfitera,gasfitero,gasfiteros,gasfiteras
geologa,geologo,geologos,geologas
gerente,gerentes
geriatra,geriatras
gerontologa,gerontologo,gerontologos,gerontologas
gestora,gestor,gestores,gestoras
ginecologa,ginecologo,ginecologos,ginecologas
glosador,glosadora,glosadores,glosadoras
gobernante,gobernantes
gondolera,gondolero,gondoleros,gondoleras
graficadora,graficador,graficadores,graficadoras
grafologa,grafologo,grafologos,grafologas
gramatico,gramatica,gramaticos,gramaticas
grifera,grifero,griferos,griferas
guardiana,guardian,guardianes,guardianas
guardia,guardias
guarda,guardas
guardaespalda,guardaespaldas
guia,guias
guitarrista,guitarristas
heladera,heladero,heladeros,heladeras
herrador,herradora,herradores,herradoras
herrero,herrera,herreros,herreras
hilandera,hilandero,hilanderos,hilanderas
historiadora,historiador,historiadores,historiadoras
hojalatera,hojalatero,hojalateros,hojalateras
hornera,hornero,horneros,horneras
hospedador,hospedadora,hospedadores,hospedadoras
ilustradora,ilustrador,ilustradores,ilustradoras
impresora,impresor,impresores,impresoras
impulsadora,impulsador,impulsadores,impulsadoras
impulsor,impulsora,impulsores,impulsoras
indagador,indagadora,indagadores,indagadoras
informador,informadora,informadores,informadoras
informatica,informatico,informaticos,informaticas
ingeniera,ingeniero,ingenieros,ingenieras
injertadora,injertador,injertadores,injertadoras
inspector,inspectora,inspectores,inspectoras
instaladora,instalador,instaladores,instaladoras
institutriz,institutor,institutores,institutrizas
instructor,instructora,instructores,instructoras
instrumentista,instrumentistas
intermediario,intermediarios
interprete,interpretes
inventariadora,inventariador,inventariadores,inventariadoras
inventor,inventora,inventores,inventoras
inversionista,inversionistas
investigador,investigadora,investigadores,investigadoras
invitador,invitadora,invitadores,invitadoras
invitante,invitantes
jaladora,jalador,jaladores,jaladoras
jardinero,jardinera,jardineros,jardineras
jefa,jefe,jefes,jefas
joyero,joyera,joyeros,joyeras
juez,jueces
remedon,remedona,remedones,remedonas
kardista,kardistas
kinesiologa,kinesiologo,kinesiologos,kinesiologas
laboratorista,laboratoristas
laminadora,laminador,laminadores,laminadoras
lavadora,lavador,lavadores,lavadoras
lavandero,lavanderos
licitadora,licitador,licitadores,licitadoras
limpiadora,limpiador,limpiadores,limpiadoras
linguista,linguistas
liniera,liniero,linieros,linieras
liquidadora,liquidador,liquidadores,liquidadoras
litografa,litografo,litografos,litografas
llamadora,llamador,llamadores,llamadoras
llantera,llantero,llanteros,llanteras
locutor,locutora,locutores,locutoras
logistica,logistico,logisticos,logisticas
lubricadora,lubricador,lubricadores,lubricadoras
luchadora,luchador,luchadores,luchadoras
maderero,madereros
maestra,maestro,maestros,maestras
maestro de obras,maestros de obras
manager,managers
manicurista,manicuristas
maniobrista,maniobristas
maquilladora,maquilladoras
maquinista,maquinistas
marinero,marinera,marineros,marineras
marino,marina,marinos,marinas
marketera,marketero,marketeros,marketeras
marmolera,marmolero,marmoleros,marmoleras
martillera,martillero,martilleros,martilleras
masajista,masajistas
masoterapista,masoterapistas
matematica,matematico,matematicos,matematicas
matizadora,matizador,matizadores,matizadoras
matricera,matricero,matriceros,matriceras
mayordoma,mayordomo,mayordomos,mayordomas
mecanico,mecanica,mecanicos,mecanicas
mecanografa,mecanografo,mecanografos,mecanografas
mecatronica,mecatronico,mecatronicos,mecatronicas
medico,medica,medicos,medicas
melaminera,melaminero,melamineros,melamineras
melomano,melomana,melomanos,melomanas
menestral,menestrales
mensajera,mensajero,mensajeros,mensajeras
mercaderista,mercaderistas
mesero,mesera,meseros,meseras
metalurgista,metalurgistas
meteorologa,meteorologo,meteorologos,meteorologas
metradora,metrador,metradores,metradoras
microbiologa,microbiologo,microbiologos,microbiologas
minera,minero,mineros,mineras
mochilera,mochilero,mochileros,mochileras
modelista,modelistas
modelo,modelos
modista,modistas
moldeadora,moldeador,moldeadores,moldeadoras
molinera,molinero,molineros,molineras
montacarguista,montacarguistas
montajista,montajistas
motociclista,motciclistas
motoniveladora,motonivelador,motoniveladores,motoniveladoras
motorista,motoristas
motorizada,motorizado,motorizados,motorizadas
mozo,moza,mozos,mozas
muestrista,muestristas
musico,musica,musicos,musicas
nana,nanas
narrador,narradora,narradores,narradoras
naturalista,naturalistas
naturista,naturistas
navegante,navegantes
nefrologa,nefrologo,nefrologos,nefrologas
neumologa,neumologo,neumologos,neumologas
neurocirujana,neurocirujano,neurocirujanos,neurocirujanas
neurologa,neurologo,neurologos,neurologas
neuropsicologa,neuropsicologo,neuropsicologos,neuropsicologas
neuropsiquiatra,neuropsiquiatras
niñera,niñero,niñeros,niñeras
notaria,notario,notarios,notarias
novelista,novelistas
nutricionista,nutricionistas
obrero,obrera,obreros,obreras
obstetriz,obstetrizes
ocnductor,conductora,conductores,conductoras
oculista,oculistas
odontologo,odontologa,odontologos,odontologas
odontopediatra,odontopediatras
oficial,oficiales
oficinista,oficinistas
oftalmologa,oftalmologo,oftalmologos,oftalmologas
ojaladora,ojalador,ojaladores,ojaladoras
omeopata,omeopata,omeopatas,omeopatas
operador,operadora,operadores,operadoras
operario,operaria,operarios,operarias
optometra,optometras
ordenador,ordenadora,ordenadores,ordenadoras
orfebre,orfebres
organista,organistas
organizador,organizadora,organizadores,organizadoras
orientador,orientadora,orientadores,orientadoras
ortodoncista,ortodoncistas
ortoptico,ortopticos
otorrina,otorrino,otorrinos,otorrinas
oxigenista,oxigenistas
pagadora,pagador,pagadores,pagadoras
panadera,panadero,panaderos,panaderas
panificadora,panificador,panificadores,panificadoras
pantografista,pantografistas
paramedica,paramedico,paramedicos,paramedicas
parqueadora,parqueador,parqueadores,parqueadoras
parrillera,parrillero,parrilleros,parrilleras
participante,participantes
pastelera,pastelero,pasteleros,pasteleras
patologa,patologo,patologos,patologas
patrón,patrones
patronista,patronistas
pedagogico,pedagogica,pedagogicos,pedagogicas
pedagogo,pedagoga,pedagogos,pedagogas
pediatra,pediatras
pedicurista,pedicuristas
peinadora,peinador,peinadores,peinadoras
peladora,pelador,peladores,peladoras
peletizadora,peletizador,peletizadores,peletizadoras
peluquera,peluquero,peluqueros,peluqueras
percusionista,percusionistas
periodista,periodistas
periodoncista,periodoncistas
perita,perito,peritos,peritas
pescadora,pescador,pescadores,pescadoras
pianista,pianistas
picadora,picador,picadores,picadoras
picapiedrera,picapiedrero,picapiedreros,picapiedreras
piloto,pilotos
pintora,pintor,pintores,pintoras
pizzera,pizzero,pizzeros,pizzeras
planchadora,planchador,planchadores,planchadoras
planificadora,planificador,planificadores,planificadoras
planillera,planillero,planilleros,planilleras
plannera,planner,planneres,planneras
plastificadora,plastificador,plastificadores,plastificadoras
platera,platero,plateros,plateras
plisadora,plisadoras
plomera,plomero,plomeros,plomeras
ploteadora,ploteador,ploteadores,ploteadoras
podadora,podador,podadores,podadoras
podologa,podologo,podologos,podologas
policia,policias
ponchadora,ponchador,ponchadores,ponchadoras
porteador,porteadores
portero,portera,porteros,porteras
practicante,practicantes
predicadora,predicador,predicadores,predicadoras
prensista,prensistas
preparador,preparadora,preparadores,preparadoras
presentador,presentadora,presentadores,presentadoras
presupuestadora,presupuestador,presupuestadores,presupuestadoras
productor,productora,productores,productoras
profesor,profesora,profesores,profesoras
programador,programadora,programadores,programadoras
promotora,promotor,promotores,promotoras
propietario,propietaria,propietarios,propietarias
proveedora,proveedor,proveedores,proveedoras
proyectista,proyectistas
psicologa,psicologo,psicologos,psicologas
psicopedagoga,psicopedagogo,psicopedagogos,psicopedagogas
psicoterapeuta,psicoterapeutas
psiquiatra,psiquiatras
publicista,publicistas
pulidora,pulidor,pulidores,pulidoras
quimica,quimico,quimicos,quimicas
radiestesista,radiestesistas
radiologa,radiologo,radiologos,radiologas
rebobinadora,rebobinador,rebobinadores,rebobinadoras
recaudador,recaudadora,recaudadores,recaudadoras
recepcionista,recepcionistas
recibidora,recibidor,recibidores,recibidoras
reclutadora,reclutador,reclutadores,reclutadoras
rectificadora,rectificador,rectificadores,rectificadoras
rectista,rectistas
rector,rectora,rectores,rectoras
recuperadora,recuperador,recuperadores,recuperadoras
redactor,redactora,redactores,redactoras
reflexologa,reflexologo,reflexologos,reflexologas
regente,regentes
reguladora,regulador,reguladores,reguladoras
rehabilitadora,rehabilitador,rehabilitadores,rehabilitadoras
relacionista,relacionistas
relojera,relojero,relojeros,relojeras
remachadora,remachador,remachadores,remachadoras
remalladora,remallador,remalladores,remalladoras
repartidor,repartidora,repartidores,repartidoras
reponedor,reponedora,reponedores,reponedoras
reportero,reportera,reporteros,reporteras
repostera,repostero,reposteros,reposteras
representante,representantes
repuestera,repuestero,repuesteros,repuesteras
repujadora,repujador,repujadores,repujadoras
residente,residentes
responsable,responsables
restauradora,restaurador,restauradores,restauradoras
retratista,retratistas
reumatologa,reumatologo,reumatologos,reumatologas
reveladora,revelador,reveladores,reveladoras
rotuladora,rotulador,rotuladores,rotuladoras
rotulista,rotulistas
ruteadora,ruteador,ruteadores,ruteadoras
sastre,sastres
saxofonista,saxofonistas
secadora,secador,secadores,secadoras
secretario,secretaria,secretarios,secretarias
sectorista,sectoristas
seguridad,seguridades
selladora,sellador,selladores,selladoras
sereno,serena,serenos,serenas
serigrafista,serigrafistas
sexologa,sexologo,sexologos,sexologas
sirviente,sirvientes
socia,socio,socios,socias
sociologa,sociologo,sociologos,sociologas
soldadora,soldador,soldadores,soldadoras
solista,solistas
sommeliera,sommelier,sommelieres,sommelieras
sonidista,sonidistas
sopladora,soplador,sopladores,sopladoras
stripper,strippers
subgerente,subgerentes
suministrador,suministradora,suministradores,suministradoras
superintendente,superintendentes
supervisor,supervisora,supervisores,supervisoras
surcidora,surcidoras
surfera,surfer,surferes,surferas
talladora,tallador,talladores,talladoras
tapicera,tapicero,tapiceros,tapiceras
tareadora,tareador,tareadores,tareadoras
tasadora,tasador,tasadores,tasadoras
tatuadora,tatuador,tatuadores,tatuadoras
taxista,taxistas
tecladista,tecladistas
tecnica,tecnico,tecnicos,tecnicas
tecnologa,tecnologo,tecnologos,tecnologas
tejedora,tejedor,tejedores,tejedoras
telefonista,telefonistas
teleoperadora,teleoperador,teleoperadores,teleoperadoras
terapeuta,terapeutas
terapista,terapistas
termofusionista,termofusionistas
terramozo,terramozos
tesorero,tesorera,tesoreros,tesoreras
textilera,textilero,textileros,textileras
tintorera,tintorero,tintoreros,tintoreras
tipeadora,tipeador,tipeadores,tipeadoras
tipografa,tipografo,tipografos,tipografas
toldera,toldero,tolderos,tolderas
topografa,topografo,topografos,topografas
tornera,tornero,torneros,torneras
trabajador,trabajadora,trabajadores,trabajadoras
tractorista,tractoristas
traductora,traductor,traductores,traductoras
trainer,trainers
tramitadora,tramitador,tramitadores,tramitadoras
transcriptora,transcriptor,transcriptores,transcriptoras
transferencista,transferencistas
transportador,transportadora,transportedores,transportadoras
transportista,transportistas
traumatologa,traumatologo,traumatologos,traumatologas
tributarista,tributaristas
tripulante,tripulantes
tutora,tutor,tutores,tutoras
vajillera,vajillero,vajilleros,vajilleras
velocipedista,velocipedistas
vendedora,vendedor,vendedores,vendedoras
verificador,verificadora,verificadores,verificadoras
veterinaria,veterinario,veterinarios,veterinarias
viajero,viajera,viajeros,viajeras
vidriera,vidriero,vidrieros,vidrieras
vigia,vigias
vigilante,vigilantes
violinista,violinistas
visitadora,visitador,visitadores,visitadoras
vitralista,vitralistas
vocalista,vocalistas
vocera,vocero,voceros,voceras
volantera,volantero,volanteros,volanteras
voluntaria,voluntario,voluntarios,voluntarias
vulcanizadora,vulcanizador,vulcanizadores,vulcanizadoras
webmaster,webmasters
zapatera,zapatero,zapateros,zapateras
zootecnista,zootecnistas
zurcidora,zurcidoras