actor,actriz,actores,actrices=>interprete,interpretes,artista,artistas,estrella,estrellas
administrador,administradora,administradores,administradoras=>director,directora,directores,directoras,gerente,gerentes,jefe,jefa,jefes,jefas
afilador,afiladora,afiladores,afiladoras=>amolador,amoladora,amoladores,amoladoras
agronomo,agronoma,agronomos,agronomas=>agricultor,agricultora,agricultores,agricultoras,cultivador,cultivadora,cultivadores,cultivadoras
albañil,albañila,albañiles,albañilas=>operario,operaria,operarios,operarias,obrero,obrera,obreros,obreras
anfitrion,anfitriona,anfitriones,anfitrionas=>invitador,invitadora,invitadores,invitadoras,invitante,invitantes,hospedador,hospedadora,hospedadores,hospedadoras
animador,animadora,animadores,animadoras=>artista,artistas,comico,comicos,locutor,locutora,locutores,locutoras
arbitro,arbitros=>juez,jueces,,dictaminador,dictaminadora,dictaminadores,dictaminadoras
archivero,archivera,archiveros,archiveras=>bibliotecario,bibliotecaria,bibliotecarios,bibliotecarias
artesano,artesana,artesanos,artesanas=>artifice,artifices,obrero,obrera,obreros,obreras,menestral,menestrales
artista,artistas=>artifice,artifices,creador,creadora,creadores,creadoras,autor,autora,autores,autoras
asesor,asesora,asesores,asesoras=>consejero,consejera,consejeros,consejeras,consultor,consultora,consultores,consultoras,guia,guias
asistente,asistentes=>ayudante,ayudantes,auxiliar,auxiliares
ayudante,ayudantes=>auxiliar,auxiliares,asistente,asistentes,colaborador,colaboradora,colaboradores,colaboradoras
azafata,azafatas=>camarero,camarera,camareros,camareras,ayudante,ayudantes
barbero,barbera,barberos,barberas=>peluquero,peluquera,peluqueros,peluqueras
bibliotecario,bibliotecaria,bibliotecarios,bibliotecarias=>archivero,archivera,archiveros,archiveras,bibliotecologo,bibliotecologa,bibliotecologos,bibliotecologas
biologo,biologa,biologos,biologas=>naturalista,naturalistas,ambientalista,ambientalistas
brokers=>agente,agentes,corredor,carredora,corredores,carredoras
buzo,buzos=>buceador,buceadora,buceadores,buceadoras
cajero,cajera,cajeros,cajeras=>cobrador,cobradora,cobradores,cobradoras,tesorero,tesorera,tesoreros,tesoreras,admiistrador,administradora,administradores,administradoras
calderero,calderera,caldereros,caldereras=>fogonero,fogonera,fogoneros,fogoneras
camarero,camarera,camareros,camareras=>mozo,moza,mozos,mozas,sirviente,sirvientes
cambiador,cambiadora,cambiadores,cambiadoras=>cambista,cambistas
cantante,cantantes=>cantor,cantora,cantores,cantoras,artista,artistas
capacitador,capacitadora,capacitadores,capacitadoras=>instructor,instructora,instructores,instructoras,profesor,profesora,profesores,profesoras
capataz,capatazes=>encargado,encargada,encargados,encargadas,apoderado,apoderada,apoderados,apoderadas,delegado,delegada,delegados,delegadas
capitan,capitanes=>oficial,oficiales,jefe,jefa,jefes,jefas
carpintero,carpintera,carpinteros,carpinteras=>ebanista,ebanistas,maderero,madereros
catador,catadora,catadores,catadoras=>degustador,degustadora,degustadores,degustadoras
catedratico,catedratica,catedraticos,catedraticas=>profesor,profesora,profesores,profesoras,maestro,maestra,maestros,maestras,educador,educadora,educadores,educadoras
ceramista,ceramistas=>alfarero,alfarera,alfareros,alfareras,artesano,artesana,artesanos,artesanas
chef,chefs=>cocinero,cocinera,cocineros,cocineras
chofer,choferes=>conductor,conductora,conductores,conductoras,transportista,transportistas
ciclista,ciclistas=>velocipedista,velocipedistas,corredor,carredora,corredores,carredoras
cientifico,cientifica,cientificos,cientificas=>investigador,investigadora,investigadores,investigadoras,doctor,doctora,doctores,doctoras
cirujano,cirujana,cirujanos,cirujanas=>operador,operadora,operadores,operadoras
cobrador,cobradora,cobradores,cobradoras=>recaudador,recaudadora,recaudadores,recaudadoras,cajero,cajera,cajeros,cajeras
cocinero,cocinera,cocineros,cocineras=>chef,chefs
comediante,comediantes=>actor,actora,actores,actoras
comisionista,comisionistas=>representante,representantes,corredor,corredora,corredores,corredoras
compositor,compositora,compositores,compositoras=>musico,musicos
concesionaria,concesionarias=>representante,representantes,comisionista,comisionistas,intermediario,intermediario,intermediarios,intermediarios
conductor,conductora,conductores,conductoras=>chofer,choferes,transportista,transportistas
confitero,confitera,confiteros,confiteras=>pastelero,pastelera,pasteleros,pasteleras,repostero,repostera,reposteros,reposteras
consejero,consejera,consejeros,consejeras=>asesor,asesora,asesores,asesoras,guia,guias,orientador,orientadora,orientadores,orientadoras
conserje,conserjes=>mozo,moza,mozos,mozas,portero,portera,porteros,porteras,encargado,encargada,encargados,encargadas
constructor,constructora,constructores,constructoras=>contratista,contrastistas,maestrodeobras,maestrosdeobras
consultor,consultora,consultores,consultoras=>consejero,consejera,consejeros,consejeras,asesor,asesora,asesores,asesoras,orientador,orientadora,orientadores,orientadoras
contador,contadora,contadores,contadoras=>tesorero,tesorera,tesoreros,tesoreras,cajero,cajera,cajeros,cajeras
contratista,contratistas=>empresario,empresaria,empresarios,empresarias,contratante,contratantes
coordinador,coordinadora,coordinadores,coordinadoras=>jefe,jefa,jefes,jefas
criador,criadora,criadores,criadoras=>ganadero,ganadera,ganaderos,ganaderas,agricultor,agricultura,agricultores,agricultoras,productor,productora,productores,productoras
cuidador,cuidadora,cuidadores,cuidadoras=>vigilante,vigilantes,guardian,guardiana,guardianes,guardianas
danzante,danzantes=>bailarin,bailarina,bailarines,bailarinas
decano,decana,decanos,decanas=>jefe,jefa,jefes,jefas,rector,rectora,rectores,rectoras,director,directora,directores,directoras
dentista,dentistas=>estomatologo,estomatologa,estomatologos,estomatologas,odontologo,odontologa,odontologos,odontologas
desarrollador,desarrolladora,desarrolladores,desarrolladoras=>programador,programadora,programadores,programadoras
director,directora,directores,directoras=>administrador,administradora,administradores,administradoras,directivo,directiva,directivos,directivas,jefe,jefa,jefes,jefas
distribuidor,distribuidora,distribuidores,distribuidoras=>repartidor,repartidora,repartidores,repartidoras,comisionista,comisionistas,almacenista,almacenistas
docente,docentes=>didactico,didactica,didacticos,didacticas,pedagogico,pedagogica,pedagogicos,pedagogicas,instructor,instructores
doctor,doctora,doctores,doctoras=>medico,medicos
ebanista,ebanistas=>carpintero,carpintera,carpinteros,carpinteras
economista,economistas=>financiero,financiaera,financieros,financieras
educador,educadora,educadores,educadoras=>instructor,instructora,instructores,instructoras,maestro,maestra,maestros,maestras
ejecutivo,ejecutiva,ejecutivos,ejecutivas=>directivo,directiva,directivos,directivas,director,directora,directores,directoras
empresario,empresaria,empresarios,empresarias=>dueño,dueña,dueños,dueñas,patron,patrones,jefe,jefa,jefes,jefas
entrenador,entrenadora,entrenadores,entrenadoras=>preparador,preparadora,preparadores,preparadoras,instructor,instructora,instructores,instructoras,coach,coachs
escritor,escritora,escritores,escritoras=>autor,autores,novelista,novelistas,narrador,narradora,narradores,narradoras
escultor,escultora,escultores,escultoras=>artista,artistas
especialista,especialistas=>experto,experta,expertos,expertas,conocedor,conocedora,conocedores,conocedoras
estadista,estadistas=>dirigente,dirigentes
estibador,estibadora,estibadores,estibadoras=>cargador,cargadora,cargadores,cargadoras,costalero,costalera,costaleros,costaleras
explorador,exploradora,exploradores,exploradoras=>viajero,viajera,viajeros,viajeras,excursionista,excursionistas,aventurero,aventurera,aventureros,aventureras
expositor,expositora,expositores,expositoras=>feriante,feriantes,particiante,participantes
farmaceutico,farmaceutica,farmaceuticos,farmaceuticas=>farmacologo,farmacologa,farmacologos,farmacologas
florista,floristas=>jardinero,jardinera,jardineros,jardineras
forjador,forjadora,forjadores,forjadoras=>herrero,herrera,herreros,herreras,herrador,herradora,herradores,herradoras,chispero,chispera,chisperos,chisperas
fotografo,fotografa,fotografos,fotografas=>camarografo,camarografa,camarografos,camarografas
funcionario,funcionaria,funcionarios,funcionarias=>administrador,administradora,administradores,administradoras,empleadopublico,empleadapublica,empleadospublicos,empleadaspublicas
gerente,gerentes=>director,directora,directores,directoras,directivo,directiva,directivos,directivas,manager,managers
gestor,gestora,gestores,gestoras=>administrador,administradora,administradores,administradoras,apoderado,apoderada,apoderados,apoderadas
gondolero,gondolera,gondoleros,gondoleras=>reponedor,reponedora,reponedores,reponedoras
grafologo,grafologa,grafologos,grafologas=>caligrafo,caligrafa,caligrafos,caligrafas
guardian,gruardiana,guardianes,gruardianas=>vigilante,vigilantes,guarda,guardas,guardia,guardiana,guardias,guardianas
guia,guias=>conductor,conductora,conductores,coductoras,director,directora,directores,directoras,orientador,orientadora,orientadores,orientadoras
historiador,historiadora,historiadores,historiadoras=>cronista,cronistas
ilustrador,ilustradora,ilustradores,ilustradoras=>dibujante,dibujantes
ingeniero,ingeniera,ingenieros,ingenieras=>especialista,especialistas
inspector,inspectora,inspectores,inspectoras=>controlador,controladora,controladores,controladoras,comprobador,comprobadora,comprabadores,comprobadoras,verificador,verificadora,verificadores,verificadoras
instructor,instructora,instructores,instructoras=>educador,educadora,educadores,educadoras,enseñante,enseñantes,maestro,maestra,maestros,maestras
instrumentista,instrumentistas=>musico,musicos
interprete,interpretes=>traductor,traductora,traductores,traductoras,guia,guias,glosador,glosadora,glosadores,glosadoras
investigador,investigadora,investigadores,investigadoras=>indagador,indagadora,indagadores,indagadoras,averiguador,averiguadora,averiguadores,averiguadoras,examinador,examinadora,examinadores,examinadoras
jardinero,jardinera,jardineros,jardineras=>floricultor,floricultora,floricultores,floricultoras,cultivador,cultivadora,cultivadores,cultivadoras
jefe,jefa,jefes,jefas=>coordinador,coordinadora,coordinadores,coordinadoras
linguista,linguistas=>filologo,filologa,filologos,filologas,gramatico,gramatica,gramaticos,gramaticas
locutor,locutora,locutores,locutoras=>presentador,preentadora,presentadores,presentadoras,comentarista,comentaristas,animador,animadora,animadores,animadoras
maestro,maestra,maestros,maestras=>profesor,profesora,profesores,profesoras,educador,educadora,educadores,educadoras,instructor,instructora,instructores,instructoras
manager,managers=>administrador,administradora,administradores,administradoras,gerente,gerentes,director,directora,directores,directoras
marinero,marinera,marineros,marineras=>marino,marina,marinos,marinas
matematico,matematica,matematicos,matematicas=>actuario,actuaria,actuarios,actuarias
mecanico,mecanica,mecanicos,mecanicas=>ingeniero,ingeniera,ingenieros,ingenieras,tecnico,tecnicos
mecanografo,mecanografa,mecanografos,mecanografas=>secretario,secretaria,secretarios,secretarias,oficinista,oficinistas
medico,medica,medicos,medicas=>doctor,doctora,doctores,doctoras
motociclista,motociclistas=>motorista,motoristas
motorista,motoristas=>motociclista,motciclistas
mozo,moza,mozos,mozas=>mesero,mesera,meseros,meseras,camarero,camarera,camareros,camareras
musico,musica,musicos,musicas=>compositor,compositora,compositores,compositoras,interprete,interpretes,melomano,melomana,melomanos,melomanas
nana,nanas=>niñera,niñeras,cuidador,cuidadora,cuidadores,cuidadoras
naturista,naturistas=>nutricionista,nutricionistas
notario,notaria,notarios,notarias=>fedatario,fedataria,fedatarios,fedatarias,actuario,actuarios,certificador,certificadora,certificadores,certificadoras
obrero,obrera,obreros,obreras=>albañil,albañiles
oculista,oculistas=>oftalmologo,oftalmologa,oftalmologos,oftalmologas
odontologo,odontologa,odontologos,odontologas=>dentista,dentistas
oficial,oficiales=>policia,policias,agente,agentes
oficinista,oficinistas=>administrativo,administrativa,administrativos,administrativas
oftalmologo,oftalmologa,oftalmologos,oftalmologas=>oculista,oculistas,ortoptico,ortopticos
ojalador,ojaladora,ojaladores,ojaladoras=>volantero,volantera,volanteros,volanteras
operador,operadora,operadores,operadoras=>ejecutante,ejecutantes,operario,operarios
operario,operaria,operarios,operarias=>obrero,obrera,obreros,obreras,trabajador,trabajadora,trabajadores,trabajadoras
pagador,pagadora,pagadores,pagadoras=>cajero,cajera,cajeros,cajeras,tesorero,tesorera,tesoreros,tesoreras
pedagogo,pedagoga,pedagogos,pedagogas=>educador,educadora,educadores,educadoras,instructor,instructora,instructores,instructoras,maestro,maestra,maestros,maestras
peluquero,peluquera,peluqueros,peluqueras=>barbero,barbera,barberos,barberas,coiffeur,estilista,estilistas
periodista,periodistas=>informador,informadora,informadores,informadoras,redactor,redactora,redactores,redactoras,reportero,reportera,reporteros,reporteras
pescador,pescadora,pescadores,pescadoras=>marinero,marinera,marineros,marineras,marino,marina,marinos,marinas
pianista,pianistas=>interprete,interpretes,musico,musica,musicos,musicas,solista,solistas
piloto,pilotos=>aviador,aviadora,aviadores,aviadoras,conductor,conductora,conductores,conductoras,chofer,choferes
pintor,pintora,pintores,pintoras=>artista,artistas,acuarelista,acuarelistas,retratista,retratistas
platero,platera,plateros,plateras=>joyero,joyera,joyeros,joyeras
policia,policias=>detective,detectives,comisario,comisaria,comisarios,camisarias,guardia,guardias
portero,portera,porteros,porteras=>guardian,guardiana,guardianes,guardianas,cuidador,cuidadora,cuidadores,cuidadoras,encargado,encargada,encargados,encargadas
practicante,practicantes=>aprendiz,aprendices
productor,productora,productores,productoras=>creador,creadora,creadores,creadoras,fabricante,fabricantes
profesor,profesora,profesores,profesoras=>educador,educadora,educadores,educadoras,instructor,instructora,instructores,instructoras,maestro,maestra,maestros,maestras
programador,programadora,programadores,programadoras=>desarrollador,desarrolladora,desarrolladores,desarrolladoras
promotor,promotora,promotores,promotoras=>impulsor,impulsora,impulsores,impulsoras,organizador,organizadora,organizadores,organizadoras,autor,autora,autores,autoras
proveedor,proveedora,proveedores,proveedoras=>abastecedor,abastecedora,abastecedores,abastecedoras,aprovisionador,aprovisionadora,aprovisionadores,aprovisionadoras,suministrador,suministradora,suministradores,suministradoras
psicologo,psicologa,psicologos,psicologas=>conocedor,conocedora,conocedores,conocedoras
psiquiatra,psiquiatras=>alienista,alianistas,neurologo,neurologa,neurologos,neurologas
publicista,publicistas=>escritor,escritora,escritores,escritoras,cronista,cronistas,autor,autora,autores,autoras
recaudador,recaudadora,recaudadores,recaudadoras=>cobrador,cobradora,cobradores,cobradoras
regente,regentes=>gobernante,gobernantes,administrador,administradora,administradores,administradoras,rector,rectora,rectores,rectoras
regulador,reguladora,reguladores,reguladoras=>ordenador,ordenadora,ordenadores,ordenadoras
repartidor,repartidora,repartidores,repartidoras=>distribuidor,distribuidora,distribuidores,distribuidoras
repostero,repostera,reposteros,reposteras=>confitero,confitera,confiteros,confiteras,pastelero,pastelera,pasteleros,pasteleras
representante,representantes=>delegado,delegada,delegados,delegadas,comisionado,comisionada,comisionados,comisionadas,agente,agentes
responsable,responsables=>encargado,encargada,encargados,encargadas,jefe,jefa,jefes,jefas,apoderado,apoderada,apoderados,apoderadas
sastre,sastres=>modista,modistas
seguridad,seguridades=>agente,agentes,vigilante,vigilantes
sereno,serena,serenos,serenas=>agente,agentes
socio,socia,socios,socias=>asociado,asociada,asociados,asociadas,participante,participantes,accionista,accionistas
superintendente,superintendentes=>jefe,jefa,jefes,jefas,administrador,administradora,administradores,administradoras,gerente,gerentes
taxista,taxistas=>chofer,choferes,conductor,conductoras,conductores,conductoras
tecnico,tecnica,tecnicos,tecnicas=>experto,experta,expertos,expertas,especialista,especialistas
terapeuta,terapeutas=>medico,medica,medicos,medicas
tesorero,tesorera,tesoreros,tesoreras=>cajero,cajera,cajeros,cajeras
tipografo,tipografa,tipografos,tipografas=>impresor,impresores
tornero,tornera,torneros,torneras=>fustero,fustera,fusteros,fusteras,mecanico,mecanica,mecanicos,mecanicas
trabajador,trabajador,trabajadores,trabajadoras=>empleado,empleada,empleados,empleadas
traductor,traductora,traductores,traductoras=>interprete,interpretes
trainer,trainers=>entrenador,entrenadora,entrenadores,entrenadoras,instructor,instructora,instructores,instructoras,coach,coaches
transportista,transportistas=>porteador,porteadores,transportador,transportadora,transportedores,transportadoras,conductor,conductora,conductores,conductoras
tripulante,tripulantes=>marinero,marinera,marineros,marineras,marino,marina,marinos,marinas,navegante,navegantes
tutor,tutora,tutores,tutoras=>maestro,maestra,maestros,maestras,consejero,consejera,consejeros,consejeras,guia,guias
vendedor,vendedora,vendedores,vendedoras=>comerciante,comerciantes,feriante,feriantes
verificador,verificadora,verificadores,verificadoras=>comprobador,comprobadora,comprobadores,comprobadoras,inspector,inspectora,inspectores,inspectoras,examinador,examinadora,examinadores,examinadoras
vigia,vigias=>vigilante,vigilantes,guardia,guardias,guardian,guardiana,guardianes,guardianas
vigilante,vigilantes=>policia,policias,agente,agentes,sereno,serena,serenos,serenas
voluntario,voluntaria,voluntarios,voluntarias=>facultativo,facultativa,facultativos,facultativas
zapatero,zapatera,zapateros,zapateras=>remedon,remedona,remedones,remedonas
bi=>businessintelligence,inteligenciacomercial
qa=>tester
ga=>googleanalytics
seo=>searchengineoptimization
proyectos=>pmi,pmo,pm,proyecto,project
ux=>userexperience
ceo=>chiefexecutiveofficer,directorejecutivo
coo=>chiefoperatingofficer,directordeoperaciones
cmo=>chiefmarketingofficer,directordemarketing
cfo=>chieffinancialofficer,directorfinanciero
cio=>chiefinformationofficer
cto=>chieftechnologyofficer,directordetecnologia
cco=>chiefcommunicationsofficer,directordemarca
productmanager=>jefedeproducto,gerentedeproducto
