abarrotero,abarrotera,abarroteros,abarroteras => abarrotero,abarrotera,abarroteros,abarroteras
abogado,abogada,abogados,abogadas => abogado,abogada,abogados,abogadas
acomodador,acomodadora,acomodadores,acomodadoras => acomodador,acomodadora,acomodadores,acomodadoras
actor,actriz,actores,actrices => actor,actriz,actores,actrices,interprete,comediante,artista,interprete,interpretes,comediante,comediantes,artista,artistas
actor,actriz,actores,actrices => actor,actriz,actores,actrices,interprete,artista,estrella,interprete,interpretes,artista,artistas,estrella,estrellas
acupunturista,acupunturistas => acupunturista,acupunturistas
administrador,administradora,administradores,administradoras => administrador,administradora,administradores,administradoras,director,gerente,jefe,dirigente,directivo,director,directora,directores,directoras,gerente,gerentes,jefe,jefa,jefes,jefas,dirigente,dirigentes,directivo,directiva,directivos,directivas
admisionista,admisionistas => admisionista,admisionistas
aerografista,aerografistas => aerografista,aerografistas
afilador,afiladora,afiladores,afiladoras => afilador,afiladora,afiladores,afiladoras,amolador,amolador,amoladora,amoladores,amoladoras
agente,agentes => agente,agentes
agricultor,agricultora,agricultores,agricultoras => agricultor,agricultora,agricultores,agricultoras
agronomo,agronoma,agronomos,agronomas => agronomo,agronoma,agronomos,agronomas,agricultor,cultivador,agricultor,agricultora,agricultores,agricultoras,cultivador,cultivadora,cultivadores,cultivadoras
ajedrecista,ajedrecistas => ajedrecista,ajedrecistas
ajustador,ajustadora,ajustadores,ajustadoras => ajustador,ajustadora,ajustadores,ajustadoras
albañil,albañila,albañiles,albañilas => albanil,albanila,albaniles,albanilas,operario,obrero,operario,operaria,operarios,operarias,obrero,obrera,obreros,obreras
alineador,alineadora,alineadores,alineadoras => alineador,alineadora,alineadores,alineadoras
almacenero,almacenera,almaceneros,almaceneras => almacenero,almacenera,almaceneros,almaceneras
ambientalista,ambientalistas => ambientalista,ambientalistas
analista,analistas => analista,analistas
andamiero,andamiera,andamieros,andamieras => andamiero,andamiera,andamieros,andamieras
anfitrion,anfitriona,anfitriones,anfitrionas => anfitrion,anfitriona,anfitriones,anfitrionas,invitador,invitante,hospedador,invitador,invitadora,invitadores,invitadoras,invitante,invitantes,hospedador,hospedadora,hospedadores,hospedadoras
anillador,anilladora,anilladores,anilladoras => anillador,anilladora,anilladores,anilladoras
animador,animadora,animadores,animadoras => animador,animadora,animadores,animadoras,artista,comico,locutor,presentador,artista,artistas,comico,comicos,locutor,locutora,locutores,locutoras,presentador,presentadora,presentadores,presentadoras
antropologo,antropologa,antropologos,antropologas => antropologo,antropologa,antropologos,antropologas
anudador,anudadora,anudadores,anudadoras => anudador,anudadora,anudadores,anudadoras
aparador,aparadora,aparadores,aparadoras => aparador,aparadora,aparadores,aparadoras
arbitro,arbitros => arbitro,arbitros,juez,dictaminador,juez,jueces,dictaminador,dictaminadora,dictaminadores,dictaminadoras
archivero,archivera,archiveros,archiveras => archivero,archivera,archiveros,archiveras,bibliotecario,catalogador,archivista,bibliotecario,bibliotecaria,bibliotecarios,bibliotecarias
arenador,arenadora,arenadores,arenadoras => arenador,arenadora,arenadores,arenadoras
armador,armadora,armadores,armadoras => armador,armadora,armadores,armadoras
arqueologo,arqueologa,arqueologos,arqueologas => arqueologo,arqueologa,arqueologos,arqueologas
arquitecto,arquitecta,arquitectos,arquitectas => arquitecto,arquitecta,arquitectos,arquitectas
artesano,artesana,artesanos,artesanas => artesano,artesana,artesanos,artesanas,artifice,obrero,menestral,artifice,artifices,obrero,obrera,obreros,obreras,menestral,menestrales
artista,artistas => artista,artistas,artifice,creador,autor,inventor,artifice,artifices,creador,creadora,creadores,creadoras,autor,autora,autores,autoras,inventor,inventora,inventores,inventoras
asegurador,aseguradora,aseguradores,aseguradoras => asegurador,aseguradora,aseguradores,aseguradoras
asesor,asesora,asesores,asesoras => asesor,asesora,asesores,asesoras,consejero,consultor,guia,orientador,consejero,consejera,consejeros,consejeras,consultor,consultora,consultores,consultoras,guia,guias,director,directora,directores,directoras
asistente,asistentes => asistente,asistentes,ayudante,auxiliar,ayudante,ayudantes,auxiliar,auxiliares
audiologo,audiologa,audiologos,audiologas => audiologo,audiologa,audiologos,audiologas
auditor,auditora,auditores,auditoras => auditor,auditora,auditores,auditoras
autor,autora,autores,autoras => autor,autora,autores,autoras
auxiliar,auxiliara,auxiliares,auxiliaras => auxiliar,auxiliara,auxiliares,auxiliaras
avicultor,avicultora,avicultores,avicultoras => avicultor,avicultora,avicultores,avicultoras
ayudante,ayudantes => ayudante,ayudantes,auxiliar,asistente,colaborador,auxiliar,auxiliares,asistente,asistentes,colaborador,colaboradora,colaboradores,colaboradoras
azafata,azafatas => azafata,azafatas,camarera,ayudante,camarero,camarera,camareros,camareras,ayudante,ayudantes
bailarin,bailarina,bailarines,bailarinas => bailarin,bailarina,bailarines,bailarinas
bañador,bañadora,bañadores,bañadoras => banador,banadora,banadores,banadoras
barbero,barbera,barberos,barberas => barbero,barbera,barberos,barberas,peluquero,peluquero,peluquera,peluqueros,peluqueras
barista,baristas => barista,baristas
barrenador,barrenadora,barrenadores,barrenadoras => barrenador,barrenadora,barrenadores,barrenadoras
bartender,bartenders => bartender,bartenders
baterista,bateristas => baterista,bateristas
bi => bi,business intelligence,inteligencia comercial
bibliotecario,bibliotecaria,bibliotecarios,bibliotecarias => bibliotecario,bibliotecaria,bibliotecarios,bibliotecarias,archivero,bibliotecologo,archivero,archivera,archiveros,archiveras,bibliotecologo,bibliotecologa,bibliotecologos,bibliotecologas
bibliotecologo,bibliotecologa,bibliotecologos,bibliotecologas => bibliotecologo,bibliotecologa,bibliotecologos,bibliotecologas
biologo,biologa,biologos,biologas => biologo,biologa,biologos,biologas,naturalista,ambientalistas,naturalista,naturalistas,ambientalista,ambientalistas
bobinador,bobinadora,bobinadores,bobinadoras => bobinador,bobinadora,bobinadores,bobinadoras
bodeguero,bodeguera,bodegueros,bodegueras => bodeguero,bodeguera,bodegueros,bodegueras
bombero,bombera,bomberos,bomberas => bombero,bombera,bomberos,bomberas
bordador,bordadora,bordadores,bordadoras => bordador,bordadora,bordadores,bordadoras
brokers => brokers,agente,corredor,agente,agentes,corredor,carredora,corredores,carredoras
bromatologo,bromatologa,bromatologos,bromatologas => bromatologo,bromatologa,bromatologos,bromatologas
buzo,buzos => buzo,buzos,buceador,buceador,buceadora,buceadores,buceadoras
cabinero,cabinera,cabineros,cabineras => cabinero,cabinera,cabineros,cabineras
cablista,cablistas => cablista,cablistas
cadista,cadistas => cadista,cadistas
cafetero,cafetera,cafeteros,cafeteras => cafetero,cafetera,cafeteros,cafeteras
cajero,cajera,cajeros,cajeras => cajero,cajera,cajeros,cajeras,cobrador,tesorero,administrador,cobrador,cobradora,cobradores,cobradoras,tesorero,tesorera,tesoreros,tesoreras,admiistrador,administradora,administradores,administradoras
calderero,calderera,caldereros,caldereras => calderero,calderera,caldereros,caldereras,fogonero,fogonero,fogonera,fogoneros,fogoneras
calderista,calderistas => calderista,calderistas
calibrador,calibradora,calibradores,calibradoras => calibrador,calibradora,calibradores,calibradoras
camarero,camarera,camareros,camareras => camarero,camarera,camareros,camareras,mozo,sirviente,mozo,moza,mozos,mozas,sirviente,sirvientes
camarografo,camarografa,camarografos,camarografas => camarografo,camarografa,camarografos,camarografas
cambiador,cambiadora,cambiadores,cambiadoras => cambiador,cambiadora,cambiadores,cambiadoras,cambista,cambista,cambistas
cambista,cambistas => cambista,cambistas
cantante,cantantes => cantante,cantantes,cantor,artista,cantor,cantora,cantores,cantoras,artista,artistas
capacitador,capacitadora,capacitadores,capacitadoras => capacitador,capacitadora,capacitadores,capacitadoras,instructor,profesor,instructor,instructora,instructores,instructoras,profesor,profesora,profesores,profesoras
capataz,capatazes => capataz,capatazes,encargado,apoderado,delegado,jefe,encargado,encargada,encargados,encargadas,apoderado,apoderada,apoderados,apoderadas,delegado,delegada,delegados,delegadas,jefe,jefa,jefes,jefas
capitan,capitanes => capitan,capitanes,oficial,jefe,oficial,oficiales,jefe,jefa,jefes,jefas
captador,captadora,captadores,captadoras => captador,captadora,captadores,captadoras
cardiologo,cardiologa,cardiologos,cardiologas => cardiologo,cardiologa,cardiologos,cardiologas
cargador,cargadora,cargadores,cargadoras => cargador,cargadora,cargadores,cargadoras
caricaturista,caricaturistas => caricaturista,caricaturistas
carnicero,carnicera,carniceros,carniceras => carnicero,carnicera,carniceros,carniceras
carpintero,carpintera,carpinteros,carpinteras => carpintero,carpintera,carpinteros,carpinteras,ebanista,maderero,ebanista,ebanistas,maderero,madereros
cartografo,cartografa,cartografos,cartografas => cartografo,cartografa,cartografos,cartografas
catador,catadora,catadores,catadoras => catador,catadora,catadores,catadoras,degustador,degustador,degustadora,degustadores,degustadoras
catedratico,catedratica,catedraticos,catedraticas => catedratico,catedratica,catedraticos,catedraticas,profesor,maestro,educador,pedagogo,profesor,profesora,profesores,profesoras,maestro,maestra,maestros,maestras,educador,educadora,educadores,educadoras,pedagogo,pedagoga,pedagogos,pedagogas
catequista,catequistas => catequista,catequistas
cauchero,cauchera,caucheros,caucheras => cauchero,cauchera,caucheros,caucheras
cco => cco,chief communications officer,director de marca
censador,censadora,censadores,censadoras => censador,censadora,censadores,censadoras
ceo => ceo,chief executive officer,director ejecutivo
ceramista,ceramistas => ceramista,ceramistas,alfarero,artesano,alfarero,alfarera,alfareros,alfareras,artesano,artesana,artesanos,artesanas
cerista,ceristas => cerista,ceristas
cerrajero,cerrajera,cerrajeros,cerrajeras => cerrajero,cerrajera,cerrajeros,cerrajeras
certificador,certificadora,certificadores,certificadoras => certificador,certificadora,certificadores,certificadoras
cfo => cfo,chief financial officer,director financiero
chaufero,chaufera,chauferos,chauferas => chaufero,chaufera,chauferos,chauferas
chef,chefs => chef,chefs,cocinero,cocinero,cocinera,cocineros,cocineras
chifero,chifera,chiferos,chiferas => chifero,chifera,chiferos,chiferas
chocolatero,chocolatera,chocolateros,chocolateras => chocolatero,chocolatera,chocolateros,chocolateras
chofer,choferes => chofer,choferes,conductor,transportista,conductor,conductora,conductores,coductoras,transportista,transportistas
churrero,churrera,churreros,churreras => churrero,churrera,churreros,churreras
ciclista,ciclistas => ciclista,ciclistas,velocipedista,corredor,velocipedista,velocipedistas,corredor,carredora,corredores,carredoras
cientifico,cientifica,cientificos,cientificas => cientifico,cientifica,cientificos,cientificas,investigador,doctor,investigador,investigadora,investigadores,investigadoras,doctor,doctora,doctores,doctoras
cio => cio,chief information officer
cirujano,cirujana,cirujanos,cirujanas => cirujano,cirujana,cirujanos,cirujanas,operador,operador,operadora,operadores,operadoras
clasificador,clasificadora,clasificadores,clasificadoras => clasificador,clasificadora,clasificadores,clasificadoras
clavero,clavera,claveros,claveras => clavero,clavera,claveros,claveras
cmo => cmo,chief marketing officer,director de marketing
cobrador,cobradora,cobradores,cobradoras => cobrador,cobradora,cobradores,cobradoras,recaudador,cajero,recaudador,recaudadora,recaudadores,recaudadoras,cajero,cajera,cajeros,cajeras
cocinero,cocinera,cocineros,cocineras => cocinero,cocinera,cocineros,cocineras,chef,chef
colchonero,colchonera,colchoneros,colchoneras => colchonero,colchonera,colchoneros,colchoneras
colorista,coloristas => colorista,coloristas
comediante,comediantes => comediante,comediantes,actor,actor,actora,actores,actoras
comisionista,comisionistas => comisionista,comisionistas,representante,corredor,representante,representantes,corredor,corredora,corredores,corredoras
compositor,compositora,compositores,compositoras => compositor,compositora,compositores,compositoras,musico,musico,musicos
comprador,compradora,compradores,compradoras => comprador,compradora,compradores,compradoras
compresorista,compresoristas => compresorista,compresoristas
comunicador,comunicadora,comunicadores,comunicadoras => comunicador,comunicadora,comunicadores,comunicadoras
concesionaria,concesionarias => concesionaria,concesionarias,representante,comisionista,intermediario,representante,representantes,comisionista,comisionistas,intermediario,intermediario,intermediarios,intermediarios
conciliador,conciliadora,conciliadores,conciliadoras => conciliador,conciliadora,conciliadores,conciliadoras
conductor,conductora,conductores,conductoras => conductor,conductora,conductores,conductoras,chofer,transportista,chofer,choferes,transportista,transportistas
confeccionista,confeccionistas => confeccionista,confeccionistas
confitero,confitera,confiteros,confiteras => confitero,confitera,confiteros,confiteras,pastelero,repostero,pastelero,pastelera,pasteleros,pasteleras,repostero,repostera,reposteros,reposteras
consejero,consejera,consejeros,consejeras => consejero,consejera,consejeros,consejeras,asesor,guia,orientador,asesor,asesora,asesores,asesoras,guia,guias,orientador,orientadora,orientadores,orientadoras
conserje,conserjes => conserje,conserjes,mozo,portero,encargado,mozo,moza,mozos,mozas,portero,portera,porteros,porteras,encargado,encargada,encargados,encargadas
constructor,constructora,constructores,constructoras => constructor,constructora,constructores,constructoras,contratista,maestro de obras,contratista,contrastistas,maestro de obras,maestros de obras
consultor,consultora,consultores,consultoras => consultor,consultora,consultores,consultoras,consejero,asesor,orientador,consejero,consejera,consejeros,consejeras,asesor,asesora,asesores,asesoras,orientador,orientadora,orientadores,orientadoras
contador,contadora,contadores,contadoras => contador,contadora,contadores,contadoras,tesorero,cajero,tesorero,tesorera,tesoreros,tesoreras,cajero,cajera,cajeros,cajeras
contratista,contratistas => contratista,contratistas,empresario,contratante,empresario,empresaria,empresarios,empresarias,contratante,contratantes
controlador,controladora,controladores,controladoras => controlador,controladora,controladores,controladoras
coo => coo,chief operating officer,director de operaciones
coordinador,coordinadora,coordinadores,coordinadoras => coordinador,coordinadora,coordinadores,coordinadoras,jefe,jefe,jefa,jefes,jefas
corbatero,corbatera,corbateros,corbateras => corbatero,corbatera,corbateros,corbateras
coreografo,coreografa,coreografos,coreografas => coreografo,coreografa,coreografos,coreografas
corrector,correctora,correctores,correctoras => corrector,correctora,correctores,correctoras
cortador,cortadora,cortadores,cortadoras => cortador,cortadora,cortadores,cortadoras
cortinero,cortinera,cortineros,cortineras => cortinero,cortinera,cortineros,cortineras
cosmetologo,cosmetologos => cosmetologo,cosmetologos
cosmiatra,cosmiatras => cosmiatra,cosmiatras
costurero,costurera,costureros,costureras => costurero,costurera,costureros,costureras
cotizador,cotizadora,cotizadores,cotizadoras => cotizador,cotizadora,cotizadores,cotizadoras
counter,counters => counter,counters
criador,criadora,criadores,criadoras => criador,criadora,criadores,criadoras,ganadero,agricultor,productor,cultivador,ganadero,ganadera,ganaderos,ganaderas,agricultor,agricultura,agricultores,agricultoras,productor,productora,productores,productoras,cultivador,cultivadora,cultivadores,cultivadoras
crochetera,crocheteras => crochetera,crocheteras
crucerista,cruceristas => crucerista,cruceristas
cto => cto,chief technology officer,director de tecnologia
cuartelero,cuartelera,cuarteleros,cuarteleras => cuartelero,cuartelera,cuarteleros,cuarteleras
cuidador,cuidadora,cuidadores,cuidadoras => cuidador,cuidadora,cuidadores,cuidadoras,vigilante,guardian,vigilante,vigilantes,guardian,guardiana,guardianes,guardianas
danzante,danzantes => danzante,danzantes,bailarin,bailarin,bailarina,bailarines,bailarinas
dealer,dealers => dealer,dealers
decano,decana,decanos,decanas => decano,decana,decanos,decanas,jefe,rector,director,jefe,jefa,jefes,jefas,rector,rectora,rectores,rectoras,director,directora,directores,directoras
decorador,decoradora,decoradores,decoradoras => decorador,decoradora,decoradores,decoradoras
degustador,degustador,degustadores,degustadoras => degustador,degustador,degustadores,degustadoras
dentista,dentistas => dentista,dentistas,estomatologo,odontologo,estomatologo,estomatologa,estomatologos,estomatologas,odontologo,odontologa,odontologos,odontologas
dermatologo,dermatologa,dermatologos,dermatologas => dermatologo,dermatologa,dermatologos,dermatologas
desarrollador,desarrolladora,desarrolladores,desarrolladoras => desarrollador,desarrolladora,desarrolladores,desarrolladoras,programador,programador,programadora,programadores,programadoras
despachador,despachadora,despachadores,despachadoras => despachador,despachadora,despachadores,despachadoras
destajero,destajera,destajeros,destajeras => destajero,destajera,destajeros,destajeras
detective,detectives => detective,detectives
diagramador,diagramadora,diagramadores,diagramadoras => diagramador,diagramadora,diagramadores,diagramadoras
dibujante,dibujantes => dibujante,dibujantes
digitador,digitadora,digitadores,digitadoras => digitador,digitadora,digitadores,digitadoras
diplomatico,diplomatica,diplomaticos,diplomaticas => diplomatico,diplomatica,diplomaticos,diplomaticas
director,directora,directores,directoras => director,directora,directores,directoras,administrador,directivo,jefe,administrador,administradora,administradores,administradoras,directivo,directiva,directivos,directivas,jefe,jefa,jefes,jefas
diseñador,diseñadora,diseñadores,diseñadoras => disenador,disenadora,disenadores,disenadoras
diseñador,diseñadora,diseñadores,diseñadoras => disenador,disenadora,disenadores,disenadoras
distribuidor,distribuidora,distribuidores,distribuidoras => distribuidor,distribuidora,distribuidores,distribuidoras,repartidor,comisionista,almacenista,repartidor,repartidora,repartidores,repartidoras,comisionista,comisionistas,almacenista,almacenistas
docente,docentes => docente,docentes,didactico,pedagogico,instructor,didactico,didactica,didacticos,didacticas,pedagogico,pedagogica,pedagogicos,pedagogicas,instructor,instructores
doctor,doctora,doctores,doctoras => doctor,doctora,doctores,doctoras,medico,medico,medicos
domestica,domesticas => domestica,domesticas
ebanista,ebanistas => ebanista,ebanistas,carpintero,carpintero,carpintera,carpinteros,carpinteras
ecografista,ecografistas => ecografista,ecografistas
ecografo,ecografa,ecografos,ecografas => ecografo,ecografa,ecografos,ecografas
economista,economistas => economista,economistas,financiero,financiero,financiaera,financieros,financieras
editor,editora,editores,editoras => editor,editora,editores,editoras
educador,educadora,educadores,educadoras => educador,educadora,educadores,educadoras,instructor,maestro,profesor,instructor,instructora,instructores,instructoras,maestro,maestra,maestros,maestras
ejecutivo,ejecutiva,ejecutivos,ejecutivas => ejecutivo,ejecutiva,ejecutivos,ejecutivas,directivo,director,directivo,directiva,directivos,directivas,director,directora,directores,directoras
electricista,electricistas => electricista,electricistas
electromecanico,electromecanica,electromecanicos,electromecanicas => electromecanico,electromecanica,electromecanicos,electromecanicas
embalador,embaladora,embaladores,embaladoras => embalador,embaladora,embaladores,embaladoras
embolsador,embolsadora,embolsadores,embolsadoras => embolsador,embolsadora,embolsadores,embolsadoras
emolientero,emolientera,emolienteros,emolienteras => emolientero,emolientera,emolienteros,emolienteras
empadronador,empadronadora,empadronadores,empadronadoras => empadronador,empadronadora,empadronadores,empadronadoras
empaquetador,empaquetadora,empaquetadores,empaquetadoras => empaquetador,empaquetadora,empaquetadores,empaquetadoras
empleado,empleada,empleados,empleadas => empleado,empleada,empleados,empleadas
empresario,empresaria,empresarios,empresarias => empresario,empresaria,empresarios,empresarias,dueno,patron,jefe,propietario,patrono,titular,dueno,duena,duenos,duenas,patron,patrones,jefe,jefa,jefes,jefas,propietario,propietaria,propietarios,propietarias,patrono,titular,titulares
encuadernador,encuadernadora,encuadernadores,encuadernadoras => encuadernador,encuadernadora,encuadernadores,encuadernadoras
encuestador,encuestadora,encuestadores,encuestadoras => encuestador,encuestadora,encuestadores,encuestadoras
endocrinologo,endocrinologa,endocrinologos,endocrinologas => endocrinologo,endocrinologa,endocrinologos,endocrinologas
endodoncista,endodoncistas => endodoncista,endodoncistas
enfermero,enfermera,enfermeros,enfermeras => enfermero,enfermera,enfermeros,enfermeras
enologo,enologa,enologos,enologas => enologo,enologa,enologos,enologas
ensamblador,ensambladora,ensambladores,ensambladoras => ensamblador,ensambladora,ensambladores,ensambladoras
entomologo,entomologa,entomologos,entomologas => entomologo,entomologa,entomologos,entomologas
entrenador,entrenadora,entrenadores,entrenadoras => entrenador,entrenadora,entrenadores,entrenadoras,preparador,instructor,coach,preparador,preparadora,preparadores,preparadoras,instructor,instructora,instructores,instructoras,coach,coachs
envasador,envasadora,envasadores,envasadoras => envasador,envasadora,envasadores,envasadoras
epidemiologo,epidemiologa,epidemiologos,epidemiologas => epidemiologo,epidemiologa,epidemiologos,epidemiologas
escritor,escritora,escritores,escritoras => escritor,escritora,escritores,escritoras,autor,novelista,narrador,biografo,redactor,guionista,autor,autores,novelista,novelistas,narrador,narradora,narradores,narradoras,biografo,biografa,biografos,biografas,redactor,redactora,redactores,redactoras,guionista,guionistas
escultor,escultora,escultores,escultoras => escultor,escultora,escultores,escultoras,artista,artista,artistas
esmerilador,esmeriladora,esmeriladores,esmeriladoras => esmerilador,esmeriladora,esmeriladores,esmeriladoras
especialista,especialistas => especialista,especialistas,experto,conocedor,entendido,experto,experta,expertos,expertas,conocedor,conocedora,conocedores,conocedoras
estadista,estadistas => estadista,estadistas,dirigente,dirigente,dirigentes
estampador,estampadora,estampadores,estampadoras => estampador,estampadora,estampadores,estampadoras
esterilizador,esterilizadora,esterilizadores,esterilizadoras => esterilizador,esterilizadora,esterilizadores,esterilizadoras
esteticista,esteticistas => esteticista,esteticistas
estibador,estibadora,estibadores,estibadoras => estibador,estibadora,estibadores,estibadoras,cargador,costalero,cargador,cargadora,cargadores,cargadoras,costalero,costalera,costaleros,costaleras
estilista,estilistas => estilista,estilistas
etiquetador,etiquetadora,etiquetadores,etiquetadoras => etiquetador,etiquetadora,etiquetadores,etiquetadoras
explorador,exploradora,exploradores,exploradoras => explorador,exploradora,exploradores,exploradoras,viajero,excursionista,aventurero,buscador,rastreador,descubridor,investigador,viajero,viajera,viajeros,viajeras,excursionista,excursionistas,aventurero,aventurera,aventureros,aventureras,buscador,buscadora,buscadores,buscadoras,rastreador,rastreadora,rastreadores,rastreadoras,descubridor,descubridora,descubridores,descubridoras,investigador,investigadora,investigadores,investigadoras
expositor,expositora,expositores,expositoras => expositor,expositora,expositores,expositoras,feriante,participante,feriante,feriantes,particiante,participantes
extrusorista,extrusoristas => extrusorista,extrusoristas
facialista,facialistas => facialista,facialistas
facturador,facturadora,facturadores,facturadoras => facturador,facturadora,facturadores,facturadoras
farmaceutico,farmaceutica,farmaceuticos,farmaceuticas => farmaceutico,farmaceutica,farmaceuticos,farmaceuticas,farmacologo,farmacologo,farmacologa,farmacologos,farmacologas
ferretero,ferretera,ferreteros,ferreteras => ferretero,ferretera,ferreteros,ferreteras
fierrero,fierrera,fierreros,fierreras => fierrero,fierrera,fierreros,fierreras
fileteador,fileteadora,fileteadores,fileteadoras => fileteador,fileteadora,fileteadores,fileteadoras
filmador,filmadora,filmadores,filmadoras => filmador,filmadora,filmadores,filmadoras
filosofo,filosofa,filosofos,filosofas => filosofo,filosofa,filosofos,filosofas
fisico,fisica,fisicos,fisicas => fisico,fisica,fisicos,fisicas
fisicoculturista,fisicoculturistas => fisicoculturista,fisicoculturistas
fisioterapeuta,fisioterapeutas => fisioterapeuta,fisioterapeutas
fisioterapista,fisioterapistas => fisioterapista,fisioterapistas
flexografo,flexografa,flexografos,flexografas => flexografo,flexografa,flexografos,flexografas
florista,floristas => florista,floristas,jardinero,jardinero,jardinera,jardineros,jardineras
focalizador,focalizadora,focalizadores,focalizadoras => focalizador,focalizadora,focalizadores,focalizadoras
forjador,forjadora,forjadores,forjadoras => forjador,forjadora,forjadores,forjadoras,herrero,herrador,chispero,herrero,herrera,herreros,herreras,herrador,herradora,herradores,herradoras,chispero,chispera,chisperos,chisperas
fotocopista,fotocopistas => fotocopista,fotocopistas
fotograbador,fotograbadora,fotograbadores,fotograbadoras => fotograbador,fotograbadora,fotograbadores,fotograbadoras
fotografo,fotografa,fotografos,fotografas => fotografo,fotografa,fotografos,fotografas,camarografo,camarografo,camarografa,camarografos,camarografas
fumigador,fumigadora,fumigadores,fumigadoras => fumigador,fumigadora,fumigadores,fumigadoras
funcionario,funcionaria,funcionarios,funcionarias => funcionario,funcionaria,funcionarios,funcionarias,administrador,empleado publico,administrador,administradora,administradores,administradoras,empleado publico,empleada publica,empleados publicos,empleadas publicas
fundidor,fundidora,fundidores,fundidoras => fundidor,fundidora,fundidores,fundidoras
ga => ga,google analytics
galponero,galponera,galponeros,galponeras => galponero,galponera,galponeros,galponeras
gasfitero,gasfitera,gasfiteros,gasfiteras => gasfitero,gasfitera,gasfiteros,gasfiteras
geologo,geologa,geologos,geologas => geologo,geologa,geologos,geologas
gerente,gerentes => gerente,gerentes,director,directivo,manager,director,directora,directores,directoras,directivo,directiva,directivos,directivas,manager,managers
geriatra,geriatras => geriatra,geriatras
gerontologo,gerontologa,gerontologos,gerontologas => gerontologo,gerontologa,gerontologos,gerontologas
gestor,gestora,gestores,gestoras => gestor,gestora,gestores,gestoras,administrador,apoderado,administrador,administradora,administradores,administradoras,apoderado,apoderada,apoderados,apoderadas
ginecologo,ginecologa,ginecologos,ginecologas => ginecologo,ginecologa,ginecologos,ginecologas
gondolero,gondolera,gondoleros,gondoleras => gondolero,gondolera,gondoleros,gondoleras,reponedor,reponedor,reponedora,reponedores,reponedoras
graficador,graficadora,graficadores,graficadoras => graficador,graficadora,graficadores,graficadoras
grafologo,grafologa,grafologos,grafologas => grafologo,grafologa,grafologos,grafologas,caligrafo,caligrafo,caligrafa,caligrafos,caligrafas
grifero,grifera,griferos,griferas => grifero,grifera,griferos,griferas
guardaespalda,guardaespaldas => guardaespalda,guardaespaldas
guardian,gruardiana,guardianes,gruardianas => guardian,gruardiana,guardianes,gruardianas,vigilante,guarda,guardia,cuidador,wachiman,vigilante,vigilantes,guarda,guardas,guardia,guardiana,guardias,guardianas,cuidador,cuidadora,cuidadores,cuidadoras,wachiman,wachimanes
guia,guias => guia,guias,conductor,director,orientador,piloto,monitor,explorador,capitan,conductor,conductora,conductores,conductoras,director,directora,directores,directoras,orientador,orientadora,orientadores,orientadoras,pilito,pilotos,monitor,monitora,monitores,monitoras,explorador,exploradora,exploradores,exploradoras,capitan,capitana,capitanes,capitanas
guitarrista,guitarristas => guitarrista,guitarristas
heladero,heladera,heladeros,heladeras => heladero,heladera,heladeros,heladeras
herrero,herrera,herreros,herreras => herrero,herrera,herreros,herreras
hilandero,hilandera,hilanderos,hilanderas => hilandero,hilandera,hilanderos,hilanderas
historiador,historiadora,historiadores,historiadoras => historiador,historiadora,historiadores,historiadoras,cronista,cronista,cronistas
hojalatero,hojalatera,hojalateros,hojalateras => hojalatero,hojalatera,hojalateros,hojalateras
hornero,hornera,horneros,horneras => hornero,hornera,horneros,horneras
ilustrador,ilustradora,ilustradores,ilustradoras => ilustrador,ilustradora,ilustradores,ilustradoras,dibujante,dibujante,dibujantes
impresor,impresora,impresores,impresoras => impresor,impresora,impresores,impresoras
impulsador,impulsadora,impulsadores,impulsadoras => impulsador,impulsadora,impulsadores,impulsadoras
informatico,informatica,informaticos,informaticas => informatico,informatica,informaticos,informaticas
ingeniero,ingeniera,ingenieros,ingenieras => ingeniero,ingeniera,ingenieros,ingenieras,especialista,especialista,especialistas
injertador,injertadora,injertadores,injertadoras => injertador,injertadora,injertadores,injertadoras
inspector,inspectora,inspectores,inspectoras => inspector,inspectora,inspectores,inspectoras,controlador,comprobador,verificador,supervisor,controlador,controladora,controladores,controladoras,comprobador,comprobadora,comprabadores,comprobadoras,verificador,verificadora,verificadores,verificadoras,supervisor,supervisora,supervisores,supervisoras
instalador,instaladora,instaladores,instaladoras => instalador,instaladora,instaladores,instaladoras
institutor,institutriz,institutores,institutrizas => institutor,institutriz,institutores,institutrizas
instructor,instructora,instructores,instructoras => instructor,instructora,instructores,instructoras,educador,ensenante,maestro,monitor,profesor,tutor,guia,educador,educadora,educadores,educadoras,ensenante,ensenantes,maestro,maestra,maestros,maestras
instrumentista,instrumentistas => instrumentista,instrumentistas,musico,musico,musicos
interprete,interpretes => interprete,interpretes,traductor,guia,glosador,exegeta,traductor,traductora,traductores,traductoras,guia,guias,glosador,glosadora,glosadores,glosadoras,exegeta,exegetas
inventariador,inventariadora,inventariadores,inventariadoras => inventariador,inventariadora,inventariadores,inventariadoras
inversionista,inversionistas => inversionista,inversionistas
investigador,investigadora,investigadores,investigadoras => investigador,investigadora,investigadores,investigadoras,indagador,averiguador,examinador,inspector,detective,inquisidor,indagador,indagadora,indagadores,indagadoras,averiguador,averiguadora,averiguadores,averiguadoras,examinador,examinadora,examinadores,examinadoras,inspector,inspectora,inspectores,inspectoras,detective,detectives,inquisidor,inquisidora,inquisidores,inquisidoras
jalador,jaladora,jaladores,jaladoras => jalador,jaladora,jaladores,jaladoras
jardinero,jardinera,jardineros,jardineras => jardinero,jardinera,jardineros,jardineras,floricultor,cultivador,floricultor,floricultora,floricultores,floricultoras,cultivador,cultivadora,cultivadores,cultivadoras
jefe,jefa,jefes,jefas => jefe,jefa,jefes,jefas,coordinador,coordinador,coordinadora,coordinadores,coordinadoras
joyero,joyera,joyeros,joyeras => joyero,joyera,joyeros,joyeras
kardista,kardistas => kardista,kardistas
kinesiologo,kinesiologa,kinesiologos,kinesiologas => kinesiologo,kinesiologa,kinesiologos,kinesiologas
laboratorista,laboratoristas => laboratorista,laboratoristas
laminador,laminadora,laminadores,laminadoras => laminador,laminadora,laminadores,laminadoras
lavador,lavadora,lavadores,lavadoras => lavador,lavadora,lavadores,lavadoras
lavandero,lavanderos => lavandero,lavanderos
lavaplatos => lavaplatos
licitador,licitadora,licitadores,licitadoras => licitador,licitadora,licitadores,licitadoras
limpiador,limpiadora,limpiadores,limpiadoras => limpiador,limpiadora,limpiadores,limpiadoras
linguista,linguistas => linguista,linguistas,filologo,gramatico,filologo,filologa,filologos,filologas,gramatico,gramatica,gramaticos,gramaticas
liniero,liniera,linieros,linieras => liniero,liniera,linieros,linieras
liquidador,liquidadora,liquidadores,liquidadoras => liquidador,liquidadora,liquidadores,liquidadoras
litografo,litografa,litografos,litografas => litografo,litografa,litografos,litografas
llamador,llamadora,llamadores,llamadoras => llamador,llamadora,llamadores,llamadoras
llantero,llantera,llanteros,llanteras => llantero,llantera,llanteros,llanteras
locutor,locutora,locutores,locutoras => locutor,locutora,locutores,locutoras,presentador,comentarista,animador,anunciador,presentador,preentadora,presentadores,presentadoras,comentarista,comentaristas,animador,animadora,animadores,animadoras,anunciador,anunciadora,anunciadores,anunciadoras
logistico,logistica,logisticos,logisticas => logistico,logistica,logisticos,logisticas
lubricador,lubricadora,lubricadores,lubricadoras => lubricador,lubricadora,lubricadores,lubricadoras
luchador,luchadora,luchadores,luchadoras => luchador,luchadora,luchadores,luchadoras
maestro,maestra,maestros,maestras => maestro,maestra,maestros,maestras,profesor,educador,instructor,profesor,profesora,profesores,profesoras,educador,educadora,educadores,educadoras,instructor,instructora,instructores,instructoras
manager,managers => manager,managers,administrador,gerente,director,administrador,administradora,administradores,administradoras,gerente,gerentes,director,directora,directores,directoras
manicurista,manicuristas => manicurista,manicuristas
maniobrista,maniobristas => maniobrista,maniobristas
maquilladora,maquilladoras => maquilladora,maquilladoras
maquinista,maquinistas => maquinista,maquinistas
marinero,marinera,marineros,marineras => marinero,marinera,marineros,marineras,marino,marino,marina,marinos,marinas
marketero,marketera,marketeros,marketeras => marketero,marketera,marketeros,marketeras
marmolero,marmolera,marmoleros,marmoleras => marmolero,marmolera,marmoleros,marmoleras
martillero,martillera,martilleros,martilleras => martillero,martillera,martilleros,martilleras
masajista,masajistas => masajista,masajistas
masoterapista,masoterapistas => masoterapista,masoterapistas
matematico,matematica,matematicos,matematicas => matematico,matematica,matematicos,matematicas,actuario,actuario,actuaria,actuarios,actuarias
matizador,matizadora,matizadores,matizadoras => matizador,matizadora,matizadores,matizadoras
matricero,matricera,matriceros,matriceras => matricero,matricera,matriceros,matriceras
mayordomo,mayordoma,mayordomos,mayordomas => mayordomo,mayordoma,mayordomos,mayordomas,camarero,mozo
mecanico,mecanica,mecanicos,mecanicas => mecanico,mecanica,mecanicos,mecanicas,ingeniero,tecnico,ingeniero,ingeniera,ingenieros,ingenieras,tecnico,tecnicos
mecanografo,mecanografa,mecanografos,mecanografas => mecanografo,mecanografa,mecanografos,mecanografas,secretario,oficinista,secretario,secretaria,secretarios,secretarias,oficinista,oficinistas
mecatronico,mecatronica,mecatronicos,mecatronicas => mecatronico,mecatronica,mecatronicos,mecatronicas
medico,medica,medicos,medicas => medico,medica,medicos,medicas,doctor,doctor,doctora,doctores,doctoras
melaminero,melaminera,melamineros,melamineras => melaminero,melaminera,melamineros,melamineras
mensajero,mensajera,mensajeros,mensajeras => mensajero,mensajera,mensajeros,mensajeras
mercaderista,mercaderistas => mercaderista,mercaderistas
mesero,mesera,meseros,meseras => mesero,mesera,meseros,meseras
metalurgista,metalurgistas => metalurgista,metalurgistas
meteorologo,meteorologa,meteorologos,meteorologas => meteorologo,meteorologa,meteorologos,meteorologas
metrador,metradora,metradores,metradoras => metrador,metradora,metradores,metradoras
microbiologo,microbiologa,microbiologos,microbiologas => microbiologo,microbiologa,microbiologos,microbiologas
minero,minera,mineros,mineras => minero,minera,mineros,mineras
mochilero,mochilera,mochileros,mochileras => mochilero,mochilera,mochileros,mochileras
modelista,modelistas => modelista,modelistas
modelo,modelos => modelo,modelos
moldeador,moldeadora,moldeadores,moldeadoras => moldeador,moldeadora,moldeadores,moldeadoras
molinero,molinera,molineros,molineras => molinero,molinera,molineros,molineras
montacarguista,montacarguistas => montacarguista,montacarguistas
montajista,montajistas => montajista,montajistas
motociclista,motociclistas => motociclista,motociclistas,motorista,motorista,motoristas
motonivelador,motoniveladora,motoniveladores,motoniveladoras => motonivelador,motoniveladora,motoniveladores,motoniveladoras
motorista,motoristas => motorista,motoristas,motociclista,motociclista,motciclistas
motorizado,motorizada,motorizados,motorizadas => motorizado,motorizada,motorizados,motorizadas,mecanizado,automatizado
mozo,moza,mozos,mozas => mozo,moza,mozos,mozas,mesero,camarero,mesero,mesera,meseros,meseras,camarero,camarera,camareros,camareras
muestrista,muestristas => muestrista,muestristas
musico,musica,musicos,musicas => musico,musica,musicos,musicas,compositor,interprete,melomano,solista,compositor,compositora,compositores,compositoras,interprete,interpretes,melomano,melomana,melomanos,melomanas,solista,solistas
nana,nanas => nana,nanas,ninera,cuidadora,ninera,nineras,cuidador,cuidadora,cuidadores,cuidadoras
narrador,narradora,narradores,narradoras => narrador,narradora,narradores,narradoras
naturista,naturistas => naturista,naturistas,nutricionista,nutricionista,nutricionistas
nefrologo,nefrologa,nefrologos,nefrologas => nefrologo,nefrologa,nefrologos,nefrologas
neumologo,neumologa,neumologos,neumologas => neumologo,neumologa,neumologos,neumologas
neurocirujano,neurocirujana,neurocirujanos,neurocirujanas => neurocirujano,neurocirujana,neurocirujanos,neurocirujanas
neurologo,neurologa,neurologos,neurologas => neurologo,neurologa,neurologos,neurologas
neuropsicologo,neuropsicologa,neuropsicologos,neuropsicologas => neuropsicologo,neuropsicologa,neuropsicologos,neuropsicologas
neuropsiquiatra,neuropsiquiatras => neuropsiquiatra,neuropsiquiatras
niñero,niñera,niñeros,niñeras => ninero,ninera,nineros,nineras
notario,notaria,notarios,notarias => notario,notaria,notarios,notarias,fedatario,actuario,certificador,fedatario,fedataria,fedatarios,fedatarias,actuario,actuarios,certificador,certificadora,certificadores,certificadoras
nutricionista,nutricionistas => nutricionista,nutricionistas
obrero,obrera,obreros,obreras => obrero,obrera,obreros,obreras,albanil,albanil,albaniles
obstetriz,obstetrizes => obstetriz,obstetrizes
oculista,oculistas => oculista,oculistas,oftalmologo,oftalmologo,oftalmologa,oftalmologos,oftalmologas
odontologo,odontologa,odontologos,odontologas => odontologo,odontologa,odontologos,odontologas,dentista,dentista,dentistas
odontopediatra,odontopediatras => odontopediatra,odontopediatras
oficial,oficiales => oficial,oficiales,policia,agentes,policia,policias,agente,agentes
oficinista,oficinistas => oficinista,oficinistas,administrativo,administrativo,administrativa,administrativos,administrativas
oftalmologo,oftalmologa,oftalmologos,oftalmologas => oftalmologo,oftalmologa,oftalmologos,oftalmologas,oculista,ortoptico,oculista,oculistas,ortoptico,ortopticos
ojalador,ojaladora,ojaladores,ojaladoras => ojalador,ojaladora,ojaladores,ojaladoras,volantero,volantero,volantera,volanteros,volanteras
omeopata,omeopatas => omeopata,omeopatas
operador,operadora,operadores,operadoras => operador,operadora,operadores,operadoras,ejecutante,operario,ejecutante,ejecutantes,operario,operarios
operario,operaria,operarios,operarias => operario,operaria,operarios,operarias,obrero,trabajador,obrero,obrera,obreros,obreras,trabajador,trabajadora,trabajadores,trabajadoras
optometra,optometras => optometra,optometras
orfebre,orfebres => orfebre,orfebres
organista,organistas => organista,organistas
organizador,organizador,organizadores,organizadoras => organizador,organizador,organizadores,organizadoras
ortodoncista,ortodoncistas => ortodoncista,ortodoncistas
otorrino,otorrina,otorrinos,otorrinas => otorrino,otorrina,otorrinos,otorrinas
oxigenista,oxigenistas => oxigenista,oxigenistas
pagador,pagadora,pagadores,pagadoras => pagador,pagadora,pagadores,pagadoras,cajero,tesorero,cajero,cajera,cajeros,cajeras,tesorero,tesorera,tesoreros,tesoreras
panadero,panadera,panaderos,panaderas => panadero,panadera,panaderos,panaderas
panificador,panificadora,panificadores,panificadoras => panificador,panificadora,panificadores,panificadoras
pantografista,pantografistas => pantografista,pantografistas
paramedico,paramedica,paramedicos,paramedicas => paramedico,paramedica,paramedicos,paramedicas
parqueador,parqueadora,parqueadores,parqueadoras => parqueador,parqueadora,parqueadores,parqueadoras
parrillero,parrillera,parrilleros,parrilleras => parrillero,parrillera,parrilleros,parrilleras
pastelero,pastelera,pasteleros,pasteleras => pastelero,pastelera,pasteleros,pasteleras
patologo,patologa,patologos,patologas => patologo,patologa,patologos,patologas
patronista,patronistas => patronista,patronistas
pedagogo,pedagoga,pedagogos,pedagogas => pedagogo,pedagoga,pedagogos,pedagogas,educador,instructor,maestro,profesor,educador,educadora,educadores,educadoras,instructor,instructora,instructores,instructoras,maestro,maestra,maestros,maestras,profesor,profesora,profesores,profesoras
pediatra,pediatras => pediatra,pediatras
pedicurista,pedicuristas => pedicurista,pedicuristas
peinador,peinadora,peinadores,peinadoras => peinador,peinadora,peinadores,peinadoras
pelador,peladora,peladores,peladoras => pelador,peladora,peladores,peladoras
peletizador,peletizadora,peletizadores,peletizadoras => peletizador,peletizadora,peletizadores,peletizadoras
peluquero,peluquera,peluqueros,peluqueras => peluquero,peluquera,peluqueros,peluqueras,barbero,coiffeur,estilista,barbero,barbera,barberos,barberas,coiffeur,estilista,estilistas
percusionista,percusionistas => percusionista,percusionistas
perforista,perforistas => perforista,perforistas
periodista,periodistas => periodista,periodistas,informador,redactor,reportero,cronista,comentarista,informador,informadora,informadores,informadoras,redactor,redactora,redactores,redactoras,reportero,reportera,reporteros,reporteras,cronista,cronistas,comentarista,comentaristas
periodoncista,periodoncistas => periodoncista,periodoncistas
perito,perita,peritos,peritas => perito,perita,peritos,peritas
pescador,pescadora,pescadores,pescadoras => pescador,pescadora,pescadores,pescadoras,marinero,marino,marinero,marinera,marineros,marineras,marino,marina,marinos,marinas
pianista,pianistas => pianista,pianistas,interprete,musico,solista,interprete,interpretes,musico,musica,musicos,musicas,solista,solistas
picador,picadora,picadores,picadoras => picador,picadora,picadores,picadoras
picapiedrero,picapiedrera,picapiedreros,picapiedreras => picapiedrero,picapiedrera,picapiedreros,picapiedreras
piloto,pilotos => piloto,pilotos,aviador,conductor,chofer,guia,aviador,aviadora,aviadores,aviadoras,conductor,conductora,conductores,conductoras,chofer,choferes,guia,guias
pintor,pintora,pintores,pintoras => pintor,pintora,pintores,pintoras,artista,acuarelista,retratista,artista,artistas,acuarelista,acuarelistas,retratista,retratistas
pizzero,pizzera,pizzeros,pizzeras => pizzero,pizzera,pizzeros,pizzeras
planchador,planchadora,planchadores,planchadoras => planchador,planchadora,planchadores,planchadoras
planificador,planificadora,planificadores,planificadoras => planificador,planificadora,planificadores,planificadoras
planillero,planillera,planilleros,planilleras => planillero,planillera,planilleros,planilleras
planner,plannera,planneres,planneras => planner,plannera,planneres,planneras
plastificador,plastificadora,plastificadores,plastificadoras => plastificador,plastificadora,plastificadores,plastificadoras
platero,platera,plateros,plateras => platero,platera,plateros,plateras,joyero,joyero,joyera,joyeros,joyeras
plisadora,plisadoras => plisadora,plisadoras
plomero,plomera,plomeros,plomeras => plomero,plomera,plomeros,plomeras
ploteador,ploteadora,ploteadores,ploteadoras => ploteador,ploteadora,ploteadores,ploteadoras
podador,podadora,podadores,podadoras => podador,podadora,podadores,podadoras
podologo,podologa,podologos,podologas => podologo,podologa,podologos,podologas
policia,policias => policia,policias,detective,comisario,guardia,detective,detectives,comisario,comisaria,comisarios,camisarias,guardia,guardias
ponchador,ponchadora,ponchadores,ponchadoras => ponchador,ponchadora,ponchadores,ponchadoras
portero,portera,porteros,porteras => portero,portera,porteros,porteras,guardian,cuidador,encargado,guardian,guardiana,guardianes,guardianas,cuidador,cuidadora,cuidadores,cuidadoras,encargado,encargada,encargados,encargadas
practicante,practicantes => practicante,practicantes,aprendiz,aprendiz,aprendices
predicador,predicadora,predicadores,predicadoras => predicador,predicadora,predicadores,predicadoras
prensista,prensistas => prensista,prensistas
presupuestador,presupuestadora,presupuestadores,presupuestadoras => presupuestador,presupuestadora,presupuestadores,presupuestadoras
product manager => product manager,jefe de producto,gerente de producto
productor,productora,productores,productoras => productor,productora,productores,productoras,creador,fabricante,creador,creadora,creadores,creadoras,fabricante,fabricantes
profesor,profesora,profesores,profesoras => profesor,profesora,profesores,profesoras,educador,instructor,maestro,pedagogo,tutor,coach,educador,educadora,educadores,educadoras,instructor,instructora,instructores,instructoras,maestro,maestra,maestros,maestras,pedagogo,pedagoga,pedagogos,pedagogas,tutor,tutora,tutores,tutoras,coach,coaches
programador,programadora,programadores,programadoras => programador,programadora,programadores,programadoras,desarrollador,desarrollador,desarrolladora,desarrolladores,desarrolladoras
promotor,promotora,promotores,promotoras => promotor,promotora,promotores,promotoras,impulsor,organizador,autor,creador,impulsor,impulsora,impulsores,impulsoras,organizador,organizadora,organizadores,organizadoras,autor,autora,autores,autoras,creador,creadora,creadores,creadoras
proveedor,proveedora,proveedores,proveedoras => proveedor,proveedora,proveedores,proveedoras,abastecedor,aprovisionador,suministrador,distribuidor,abastecedor,abastecedora,abastecedores,abastecedoras,aprovisionador,aprovisionadora,aprovisionadores,aprovisionadoras,suministrador,suministradora,suministradores,suministradoras,distribuidor,distribuidora,distribuidores,distribuidoras
proyectista,proyectistas => proyectista,proyectistas
proyectos => proyectos,pmi,pmo,pm,proyecto,project
psicologo,psicologa,psicologos,psicologas => psicologo,psicologa,psicologos,psicologas,conocedor,conocedor,conocedora,conocedores,conocedoras
psicopedagogo,psicopedagoga,psicopedagogos,psicopedagogas => psicopedagogo,psicopedagoga,psicopedagogos,psicopedagogas
psicoterapeuta,psicoterapeutas => psicoterapeuta,psicoterapeutas
psiquiatra,psiquiatras => psiquiatra,psiquiatras,alienista,neurologo,alienista,alianistas,neurologo,neurologa,neurologos,neurologas
publicista,publicistas => publicista,publicistas,escritor,cronista,autor,escritor,escritora,escritores,escritoras,cronista,cronistas,autor,autora,autores,autoras
pulidor,pulidora,pulidores,pulidoras => pulidor,pulidora,pulidores,pulidoras
qa => qa,tester,quality assurance,analista qa
quimico,quimica,quimicos,quimicas => quimico,quimica,quimicos,quimicas
radiestesista,radiestesistas => radiestesista,radiestesistas
radiologo,radiologa,radiologos,radiologas => radiologo,radiologa,radiologos,radiologas
rebobinador,rebobinadora,rebobinadores,rebobinadoras => rebobinador,rebobinadora,rebobinadores,rebobinadoras
recaudador,recaudadora,recaudadores,recaudadoras => recaudador,recaudadora,recaudadores,recaudadoras,cobrador,cobrador,cobradora,cobradores,cobradoras
recepcionista,recepcionistas => recepcionista,recepcionistas
recibidor,recibidora,recibidores,recibidoras => recibidor,recibidora,recibidores,recibidoras
reclutador,reclutadora,reclutadores,reclutadoras => reclutador,reclutadora,reclutadores,reclutadoras
rectificador,rectificadora,rectificadores,rectificadoras => rectificador,rectificadora,rectificadores,rectificadoras
rectista,rectistas => rectista,rectistas
recuperador,recuperadora,recuperadores,recuperadoras => recuperador,recuperadora,recuperadores,recuperadoras
redactor,redactora,redactores,redactoras => redactor,redactora,redactores,redactoras
reflexologo,reflexologa,reflexologos,reflexologas => reflexologo,reflexologa,reflexologos,reflexologas
regente,regentes => regente,regentes,gobernante,administrador,rector,director,gobernante,gobernantes,administrador,administradora,administradores,administradoras,rector,rectora,rectores,rectoras,director,directora,directores,directoras
regulador,reguladora,reguladores,reguladoras => regulador,reguladora,reguladores,reguladoras,ordenador,ordenador,ordenadora,ordenadores,ordenadoras
rehabilitador,rehabilitadora,rehabilitadores,rehabilitadoras => rehabilitador,rehabilitadora,rehabilitadores,rehabilitadoras
relacionista,relacionistas => relacionista,relacionistas
relojero,relojera,relojeros,relojeras => relojero,relojera,relojeros,relojeras
remachador,remachadora,remachadores,remachadoras => remachador,remachadora,remachadores,remachadoras
remallador,remalladora,remalladores,remalladoras => remallador,remalladora,remalladores,remalladoras
repartidor,repartidora,repartidores,repartidoras => repartidor,repartidora,repartidores,repartidoras,distribuidor,distribuidor,distribuidora,distribuidores,distribuidoras
reponedor,reponedora,reponedores,reponedoras => reponedor,reponedora,reponedores,reponedoras
repostero,repostera,reposteros,reposteras => repostero,repostera,reposteros,reposteras,confitero,pastelero,confitero,confitera,confiteros,confiteras,pastelero,pastelera,pasteleros,pasteleras
representante,representantes => representante,representantes,delegado,comisionado,agente,manager,portavoz,delegado,delegada,delegados,delegadas,comisionado,comisionada,comisionados,comisionadas,agente,agentes,manager,managers,portavoz,portavoces
repuestero,repuestera,repuesteros,repuesteras => repuestero,repuestera,repuesteros,repuesteras
repujador,repujadora,repujadores,repujadoras => repujador,repujadora,repujadores,repujadoras
residente,residentes => residente,residentes
responsable,responsables => responsable,responsables,encargado,jefe,apoderado,encargado,encargada,encargados,encargadas,jefe,jefa,jefes,jefas,apoderado,apoderada,apoderados,apoderadas
restaurador,restauradora,restauradores,restauradoras => restaurador,restauradora,restauradores,restauradoras
reumatologo,reumatologa,reumatologos,reumatologas => reumatologo,reumatologa,reumatologos,reumatologas
revelador,reveladora,reveladores,reveladoras => revelador,reveladora,reveladores,reveladoras
rotulador,rotuladora,rotuladores,rotuladoras => rotulador,rotuladora,rotuladores,rotuladoras
rotulista,rotulistas => rotulista,rotulistas
ruteador,ruteadora,ruteadores,ruteadoras => ruteador,ruteadora,ruteadores,ruteadoras
salvavidas => salvavidas
sastre,sastres => sastre,sastres,modista,modista,modistas
saxofonista,saxofonistas => saxofonista,saxofonistas
secador,secadora,secadores,secadoras => secador,secadora,secadores,secadoras
secretario,secretaria,secretarios,secretarias => secretario,secretaria,secretarios,secretarias
sectorista,sectoristas => sectorista,sectoristas
seguridad,seguridades => seguridad,seguridades,agente,vigilante,agente,agentes,vigilante,vigilantes
sellador,selladora,selladores,selladoras => sellador,selladora,selladores,selladoras
seo => seo,search engine optimization
sereno,serena,serenos,serenas => sereno,serena,serenos,serenas,agente,agente,agentes
serigrafista,serigrafistas => serigrafista,serigrafistas
sexologo,sexologa,sexologos,sexologas => sexologo,sexologa,sexologos,sexologas
socio,socia,socios,socias => socio,socia,socios,socias,asociado,participante,accionista,asociado,asociada,asociados,asociadas,participante,participantes,accionista,accionistas
sociologo,sociologa,sociologos,sociologas => sociologo,sociologa,sociologos,sociologas
soldador,soldadora,soldadores,soldadoras => soldador,soldadora,soldadores,soldadoras
sommelier,sommeliera,sommelieres,sommelieras => sommelier,sommeliera,sommelieres,sommelieras
sonidista,sonidistas => sonidista,sonidistas
soplador,sopladora,sopladores,sopladoras => soplador,sopladora,sopladores,sopladoras
stripper,strippers => stripper,strippers
subgerente,subgerentes => subgerente,subgerentes
superintendente,superintendentes => superintendente,superintendentes,jefe,administrador,gerente,supervisor,jefe,jefa,jefes,jefas,administrador,administradora,administradores,administradoras,gerente,gerentes,supervisor,supervisora,supervisores,supervisoras
supervisor,supervisora,supervisores,supervisoras => supervisor,supervisora,supervisores,supervisoras
surcidora,surcidoras => surcidora,surcidoras
surfer,surfera,surferes,surferas => surfer,surfera,surferes,surferas
tallador,talladora,talladores,talladoras => tallador,talladora,talladores,talladoras
tapicero,tapicera,tapiceros,tapiceras => tapicero,tapicera,tapiceros,tapiceras
tareador,tareadora,tareadores,tareadoras => tareador,tareadora,tareadores,tareadoras
tasador,tasadora,tasadores,tasadoras => tasador,tasadora,tasadores,tasadoras
tatuador,tatuadora,tatuadores,tatuadoras => tatuador,tatuadora,tatuadores,tatuadoras
taxista,taxistas => taxista,taxistas,chofer,conductor,chofer,choferes,conductor,conductoras,conductores,conductoras
tecladista,tecladistas => tecladista,tecladistas
tecnico,tecnica,tecnicos,tecnicas => tecnico,tecnica,tecnicos,tecnicas,experto,especialista,experto,experta,expertos,expertas,especialista,especialistas
tecnologo,tecnologa,tecnologos,tecnologas => tecnologo,tecnologa,tecnologos,tecnologas
tejedor,tejedora,tejedores,tejedoras => tejedor,tejedora,tejedores,tejedoras
telefonista,telefonistas => telefonista,telefonistas
teleoperador,teleoperadora,teleoperadores,teleoperadoras => teleoperador,teleoperadora,teleoperadores,teleoperadoras
terapeuta,terapeutas => terapeuta,terapeutas,medico,medico,medica,medicos,medicas
terapista,terapistas => terapista,terapistas
termofusionista,termofusionistas => termofusionista,termofusionistas
terramozo,terramozos => terramozo,terramozos
tesorero,tesorera,tesoreros,tesoreras => tesorero,tesorera,tesoreros,tesoreras,cajero,cajero,cajera,cajeros,cajeras
textilero,textilera,textileros,textileras => textilero,textilera,textileros,textileras
tintorero,tintorera,tintoreros,tintoreras => tintorero,tintorera,tintoreros,tintoreras
tipeador,tipeadora,tipeadores,tipeadoras => tipeador,tipeadora,tipeadores,tipeadoras
tipografo,tipografa,tipografos,tipografas => tipografo,tipografa,tipografos,tipografas,impresor,impresor,impresores
toldero,toldera,tolderos,tolderas => toldero,toldera,tolderos,tolderas
topografo,topografa,topografos,topografas => topografo,topografa,topografos,topografas
tornero,tornera,torneros,torneras => tornero,tornera,torneros,torneras,fustero,mecanico,fustero,fustera,fusteros,fusteras,mecanico,mecanica,mecanicos,mecanicas
trabajador,trabajadora,trabajadores,trabajadoras => trabajador,trabajadora,trabajadores,trabajadoras
trabajador,trabajador,trabajadores,trabajadoras => trabajador,trabajador,trabajadores,trabajadoras,empleado,empleado,empleada,empleados,empleadas
tractorista,tractoristas => tractorista,tractoristas
traductor,traductora,traductores,traductoras => traductor,traductora,traductores,traductoras,interprete,interprete,interpretes
trainer,trainers => trainer,trainers,entrenador,instructor,coach,entrenador,entrenadora,entrenadores,entrenadoras,instructor,instructora,instructores,instructoras,coach,coaches
tramitador,tramitadora,tramitadores,tramitadoras => tramitador,tramitadora,tramitadores,tramitadoras
transcriptor,transcriptora,transcriptores,transcriptoras => transcriptor,transcriptora,transcriptores,transcriptoras
transferencista,transferencistas => transferencista,transferencistas
transportista,transportistas => transportista,transportistas,porteador,transportador,conductor,cargador,fletero,porteador,porteadores,transportador,transportadora,transportedores,transportadoras,conductor,conductora,conductores,coductoras,cargador,cargadora,cargadores,cargadoras,fletero,fleteros
traumatologo,traumatologa,traumatologos,traumatologas => traumatologo,traumatologa,traumatologos,traumatologas
tributarista,tributaristas => tributarista,tributaristas
tripulante,tripulantes => tripulante,tripulantes,marinero,marino,navegante,piloto,marinero,marinera,marineros,marineras,marino,marina,marinos,marinas,navegante,navegantes,piloto,pilotos
tutor,tutora,tutores,tutoras => tutor,tutora,tutores,tutoras,maestro,consejero,guia,maestro,maestra,maestros,maestras,consejero,consejera,consejeros,consejeras,guia,guias
ux => ux,user experience
vajillero,vajillera,vajilleros,vajilleras => vajillero,vajillera,vajilleros,vajilleras
valet => valet
vendedor,vendedora,vendedores,vendedoras => vendedor,vendedora,vendedores,vendedoras,comerciante,feriante,comerciante,comerciantes,feriante,feriantes
verificador,verificadora,verificadores,verificadoras => verificador,verificadora,verificadores,verificadoras,comprobador,inspector,examinador,comprobador,comprobadora,comprobadores,comprobadoras,inspector,inspectora,inspectores,inspectoras,examinador,examinadora,examinadores,examinadoras
veterinario,veterinaria,veterinarios,veterinarias => veterinario,veterinaria,veterinarios,veterinarias
vidriero,vidriera,vidrieros,vidrieras => vidriero,vidriera,vidrieros,vidrieras
vigia,vigias => vigia,vigias,vigilante,guardia,guardian,vigilante,vigilantes,guardia,guardias,guardian,guardiana,guardianes,guardianas
vigilante,vigilantes => vigilante,vigilantes,policia,agente,sereno,policia,policias,agente,agentes,sereno,serena,serenos,serenas
violinista,violinistas => violinista,violinistas
visitador,visitadora,visitadores,visitadoras => visitador,visitadora,visitadores,visitadoras
vitralista,vitralistas => vitralista,vitralistas
vocalista,vocalistas => vocalista,vocalistas
vocero,vocera,voceros,voceras => vocero,vocera,voceros,voceras
volantero,volantera,volanteros,volanteras => volantero,volantera,volanteros,volanteras
voluntario,voluntaria,voluntarios,voluntarias => voluntario,voluntaria,voluntarios,voluntarias,facultativo,facultativo,facultativa,facultativos,facultativas
vulcanizador,vulcanizadora,vulcanizadores,vulcanizadoras => vulcanizador,vulcanizadora,vulcanizadores,vulcanizadoras
webmaster,webmasters => webmaster,webmasters
zapatero,zapatera,zapateros,zapateras => zapatero,zapatera,zapateros,zapateras,remendon,remedon,remedona,remedones,remedonas
zootecnista,zootecnistas => zootecnista,zootecnistas
zurcidora,zurcidoras => zurcidora,zurcidoras