# The ASF licenses this file to You under the Apache License, Version 2.0
# (the "License"); you may not use this file except in compliance with
# the License.  You may obtain a copy of the License at
#
#     http://www.apache.org/licenses/LICENSE-2.0
#
# Unless required by applicable law or agreed to in writing, software
# distributed under the License is distributed on an "AS IS" BASIS,
# WITHOUT WARRANTIES OR CONDITIONS OF ANY KIND, either express or implied.
# See the License for the specific language governing permissions and
# limitations under the License.

#-----------------------------------------------------------------------
#some test synonym mappings unlikely to appear in real input text
#aaafoo => aaabar
#bbbfoo => bbbfoo bbbbar
#cccfoo => cccbar cccbaz
#fooaaa,baraaa,bazaaa

#-----------------------------------------------------------------------

# Some synonym groups specific to this example

traductor,traductor,traductora,traductores,traductoras,intérprete,interprete,interpretes
maestro,maestro,maestra,maestros,maestras,profesor,educador,instructor,profesor,profesora,profesores,profesoras
historiador,historiador,historiadora,historiadores,historiadoras,cronista,cronista,cronistas
editor,editor,editora,editores,editoras
notario,notario,notaria,notarios,notarias,fedatario,actuario,certificador,fedatario,fedataria,fedatarios,fedatarias
filosofo,filosofo,filosofa,filosofos,filosofas
seguridad,seguridad,seguridad,seguridades,seguridades,agente,vigilante,agente,agentes
policia,policia,policia,policias,policias,detective,comisario,guardia,detective,detectives
fisico,fisico,fisica,fisicos,fisicas
ingeniero,ingeniero,ingeniera,ingenieros,ingenieras,especialista,especialista,especialistas
doctor,doctor,doctora,doctores,doctoras,médico,medico,medicos
profesor,profesor,profesora,profesores,profesoras,educador,instructor,maestro,pedagogo,tutor,coach,educador,educadora,educadores,educadoras
ceramista,ceramista,ceramista,ceramistas,ceramistas,alfarero,artesano,alfarero,alfarera,alfareros,alfareras
oftalmologo,oftalmologo,oftalmologa,oftalmologos,oftalmologas,oculista,ortóptico,oculista,oculistas
peluquero,peluquero,peluquera,peluqueros,peluqueras,barbero,coiffeur,estilista,barbero,barbera,barberos,barberas
etiquetador,etiquetador,etiquetadora,etiquetadores,etiquetadoras
actriz,actor,actriz,actores,actrices,interprete,artista,estrella,interprete,interpretes
repostera,repostero,repostera,reposteros,reposteras,confitero,pastelero,confitero,confitera,confiteros,confiteras
chef,chef,chef,chefs,chefs,cocinero,cocinero,cocinera,cocineros,cocineras
capacitador,capacitador,capacitadora,capacitadores,capacitadoras,instructor,profesor,instructor,instructora,instructores,instructoras
trainer,trainer,trainer,trainers,trainers,entrenador,instructor,coach,entrenador,entrenadora,entrenadores,entrenadoras
nana,nana,nana,nanas,nanas,niñera,cuidadora,niñera,niñeras
cantante,cantante,cantante,cantantes,cantantes,cantor,artista,cantor,cantora,cantores,cantoras
anfitrion,anfitrion,anfitriona,anfitriones,anfitrionas,invitador,invitante,hospedador,invitador,invitadora,invitadores,invitadoras
cientifico,cientifico,cientifica,cientificos,cientificas,investigador,doctor,investigador,investigadora,investigadores,investigadoras
transportista,transportista,transportista,transportistas,transportistas,porteador,transportador,conductor,cargador,fletero,porteador,porteadores
gerente,gerente,gerente,gerentes,gerentes,director,directivo,manager,director,directora,directores,directoras
carpintero,carpintero,carpintera,carpinteros,carpinteras,ebanista,maderero,ebanista,ebanistas
pedagogo,pedagogo,pedagoga,pedagogos,pedagogas,educador,instructor,maestro,profesor,educador,educadora,educadores,educadoras
psicologo,psicologo,psicologa,psicologos,psicologas,conocedor,conocedor,conocedora,conocedores,conocedoras
explorador,explorador,exploradora,exploradores,exploradoras,viajero,excursionista,aventurero,buscador,rastreador,descubridor,investigador,viajero,viajera,viajeros,viajeras
investigador,investigador,investigadora,investigadores,investigadoras,indagador,averiguador,examinador,inspector,detective,inquisidor,indagador,indagadora,indagadores,indagadoras
manager,manager,manager,managers,managers,administrador,gerente,director,administrador,administradora,administradores,administradoras
dentista,dentista,dentista,dentistas,dentistas,estomatólogo,odontólogo,estomatologo,estomatologa,estomatologos,estomatologas
artista,artista,artista,artistas,artistas,artífice,creador,autor,inventor,artifice,artifices
guia,guia,guia,guias,guias,conductor,director,orientador,piloto,monitor,explorador,capitán,conductor,conductora,conductores,coductoras
periodista,periodista,periodista,periodistas,periodistas,informador,redactor,reportero,cronista,comentarista,informador,informadora,informadores,informadoras
albañil,albañil,albañila,albañiles,albañilas,operario,obrero,operario,operaria,operarios,operarias
guardian,guardian,gruardiana,guardianes,gruardianas,vigilante,guarda,guardia,cuidador,wachiman,vigilante,vigilantes
artesano,artesano,artesana,artesanos,artesanas,artífice,obrero,menestral,artifice,artifices
buzo,buzo,buzo,buzos,buzos,buceador,buceador,buceadora,buceadores,buceadoras
empresario,empresario,empresaria,empresarios,empresarias,dueño,patrón,jefe,propietario,patrono,titular,dueño,dueña,dueños,dueñas
medico,medico,medica,medicos,medicas,doctor,doctor,doctora,doctores,doctoras
tecnico,tecnico,tecnica,tecnicos,tecnicas,experto,especialista,experto,experta,expertos,expertas
voluntario,voluntario,voluntaria,voluntarios,voluntarias,facultativo,facultativo,facultativa,facultativos,facultativas
actor,actor,actriz,actores,actrices,intérprete,comediante,artista,interprete,interpretes
administrador,administrador,administradora,administradores,administradoras,director,gerente,jefe,dirigente,directivo,director,directora,directores,directoras
proveedor,proveedor,proveedora,proveedores,proveedoras,abastecedor,aprovisionador,suministrador,distribuidor,abastecedor,abastecedora,abastecedores,abastecedoras
azafata,azafata,azafata,azafatas,azafatas,camarera,ayudante,camarero,camarera,camareros,camareras
ciclista,ciclista,ciclista,ciclistas,ciclistas,velocipedista,corredor,velocipedista,velocipedistas
mozo,mozo,moza,mozos,mozas,mesero,camarero,mesero,mesera,meseros,meseras
musico,musico,musica,musicos,musicas,compositor,intérprete,melómano,solista,compositor,compositora,compositores,compositoras
distribuidor,distribuidor,distribuidora,distribuidores,distribuidoras,repartidor,comisionista,almacenista,repartidor,repartidora,repartidores,repartidoras
pintor,pintor,pintora,pintores,pintoras,artista,acuarelista,retratista,artista,artistas
brokers,brokers,brokers,brokers,brokers,agente,corredor,agente,agentes
abogado,abogado,abogada,abogados,abogadas
asistente,asistente,asistente,asistentes,asistentes,ayudante,auxiliar,ayudante,ayudantes
chofer,chofer,chofer,choferes,choferes,conductor,transportista,conductor,conductora,conductores,coductoras
conserje,conserje,conserje,conserjes,conserjes,mozo,portero,encargado,mozo,moza,mozos,mozas
detective,detective,detective,detectives,detectives
orfebre,orfebre,orfebre,orfebres,orfebres
residente,residente,residente,residentes,residentes
bailarin,bailarin,bailarina,bailarines,bailarinas
cocinero,cocinero,cocinera,cocineros,cocineras,chef,chef
ejecutivo,ejecutivo,ejecutiva,ejecutivos,ejecutivas,directivo,director,directivo,directiva,directivos,directivas
hornero,hornero,hornera,horneros,horneras
mensajero,mensajero,mensajera,mensajeros,mensajeras
autor,autor,autora,autores,autoras
cargador,cargador,cargadora,cargadores,cargadoras
conductor,conductor,conductora,conductores,conductoras,chofer,transportista,chofer,choferes
controlador,controlador,controladora,controladores,controladoras
corrector,corrector,correctora,correctores,correctoras
esmerilador,esmerilador,esmeriladora,esmeriladores,esmeriladoras
narrador,narrador,narradora,narradores,narradoras
agente,agente,agente,agentes,agentes
jefe,jefe,jefa,jefes,jefas,coordinador,coordinador,coordinadora,coordinadores,coordinadoras
practicante,practicante,practicante,practicantes,practicantes,aprendiz,aprendiz,aprendices
sastre,sastre,sastre,sastres,sastres,modista,modista,modistas
marinero,marinero,marinera,marineros,marineras,marino,marino,marina,marinos,marinas
motorizado,motorizado,motorizada,motorizados,motorizadas,mecanizado,automatizado
piloto,piloto,piloto,pilotos,pilotos,aviador,conductor,chófer,guía,aviador,aviadora,aviadores,aviadoras
consultor,consultor,consultora,consultores,consultoras,consejero,asesor,orientador,consejero,consejera,consejeros,consejeras
asesor,asesor,asesora,asesores,asesoras,consejero,consultor,guía,orientador,consejero,consejera,consejeros,consejeras
contador,contador,contadora,contadores,contadoras,tesorero,cajero,tesorero,tesorera,tesoreros,tesoreras
docente,docente,docente,docentes,docentes,didáctico,pedagógico,instructor,didactico,didactica,didacticos,didacticas
interprete,interprete,interprete,interpretes,interpretes,traductor,guía,glosador,exégeta,traductor,traductora,traductores,traductoras
responsable,responsable,responsable,responsables,responsables,encargado,jefe,apoderado,encargado,encargada,encargados,encargadas
arbitro,arbitro,arbitro,arbitros,arbitros,juez,dictaminador,juez,jueces,
zapatero,zapatero,zapatera,zapateros,zapateras,remendón,remedon,remedona,remedones,remedonas
director,director,directora,directores,directoras,administrador,directivo,jefe,administrador,administradora,administradores,administradoras
estibador,estibador,estibadora,estibadores,estibadoras,cargador,costalero,cargador,cargadora,cargadores,cargadoras
forjador,forjador,forjadora,forjadores,forjadoras,herrero,herrador,chispero,herrero,herrera,herreros,herreras
locutor,locutor,locutora,locutores,locutoras,presentador,comentarista,animador,anunciador,presentador,preentadora,presentadores,presentadoras
pescador,pescador,pescadora,pescadores,pescadoras,marinero,marino,marinero,marinera,marineros,marineras
regulador,regulador,reguladora,reguladores,reguladoras,ordenador,ordenador,ordenadora,ordenadores,ordenadoras
verificador,verificador,verificadora,verificadores,verificadoras,comprobador,inspector,examinador,comprobador,comprobadora,comprobadores,comprobadoras
odontologo,odontologo,odontologa,odontologos,odontologas,dentista,dentista,dentistas
oficial,oficial,oficial,oficiales,oficiales,policia,agentes,policia,policias
capitan,capitan,capitan,capitanes,capitanes,oficial,jefe,oficial,oficiales
biologo,biologo,biologa,biologos,biologas,naturalista,ambientalistas,naturalista,naturalistas
mecanico,mecanico,mecanica,mecanicos,mecanicas,ingeniero,tecnico,ingeniero,ingeniera,ingenieros,ingenieras
portero,portero,portera,porteros,porteras,guardian,cuidador,encargado,guardian,guardiana,guardianes,guardianas
socio,socio,socia,socios,socias,asociado,participante,accionista,asociado,asociada,asociados,asociadas
escritor,escritor,escritora,escritores,escritoras,autor,novelista,narrador,biógrafo,redactor,guionista,autor,autores
escultor,escultor,escultora,escultores,escultoras,artista,artista,artistas
vendedor,vendedor,vendedora,vendedores,vendedoras,comerciante,feriante,comerciante,comerciantes
cajero,cajero,cajera,cajeros,cajeras,cobrador,tesorero,administrador,cobrador,cobradora,cobradores,cobradoras
contratista,contratista,contratista,contratistas,contratistas,empresario,contratante,empresario,empresaria,empresarios,empresarias
ebanista,ebanista,ebanista,ebanistas,ebanistas,carpintero,carpintero,carpintera,carpinteros,carpinteras
economista,economista,economista,economistas,economistas,financiero,financiero,financiaera,financieros,financieras
especialista,especialista,especialista,especialistas,especialistas,experto,conocedor,entendido,experto,experta,expertos,expertas
psiquiatra,psiquiatra,psiquiatra,psiquiatras,psiquiatras,alienista,neurólogo,alienista,alianistas
vigia,vigia,vigia,vigias,vigias,vigilante,guardia,guardián,vigilante,vigilantes
regente,regente,regente,regentes,regentes,gobernante,administrador,rector,director,gobernante,gobernantes
camarero,camarero,camarera,camareros,camareras,mozo,sirviente,mozo,moza,mozos,mozas
costurero,costurero,costurera,costureros,costureras
diplomatico,diplomatico,diplomatica,diplomaticos,diplomaticas
obrero,obrero,obrera,obreros,obreras,albañil,albañil,albañiles
perito,perito,perita,peritos,peritas
agricultor,agricultor,agricultora,agricultores,agricultoras
entrenador,entrenador,entrenadora,entrenadores,entrenadoras,preparador,instructor,coach,preparador,preparadora,preparadores,preparadoras
gestor,gestor,gestora,gestores,gestoras,administrador,apoderado,administrador,administradora,administradores,administradoras
supervisor,supervisor,supervisora,supervisores,supervisoras
trabajador,trabajador,trabajadora,trabajadores,trabajadoras
salvavidas,salvavidas,salvavidas,salvavidas,salvavidas
tesorero,tesorero,tesorera,tesoreros,tesoreras,cajero,cajero,cajera,cajeros,cajeras
concesionaria,concesionaria,concesionaria,concesionarias,concesionarias,representante,comisionista,intermediario,representante,representantes
diseñador,diseñador,diseñadora,diseñadores,diseñadoras
empleado,empleado,empleada,empleados,empleadas
estilista,estilista,estilista,estilistas,estilistas
inversionista,inversionista,inversionista,inversionistas,inversionistas
oculista,oculista,oculista,oculistas,oculistas,oftalmólogo,oftalmologo,oftalmologa,oftalmologos,oftalmologas
carnicero,carnicero,carnicera,carniceros,carniceras
confitero,confitero,confitera,confiteros,confiteras,pastelero,repostero,pastelero,pastelera,pasteleros,pasteleras
joyero,joyero,joyera,joyeros,joyeras
aparador,aparador,aparadora,aparadores,aparadoras
catador,catador,catadora,catadores,catadoras,degustador,degustador,degustadora,degustadores,degustadoras
compositor,compositor,compositora,compositores,compositoras,músico,musico,musicos
constructor,constructor,constructora,constructores,constructoras,contratista,maestrodeobras,contratista,contrastistas
productor,productor,productora,productores,productoras,creador,fabricante,creador,creadora,creadores,creadoras
promotor,promotor,promotora,promotores,promotoras,impulsor,organizador,autor,creador,impulsor,impulsora,impulsores,impulsoras
capataz,capataz,capataz,capatazes,capatazes,encargado,apoderado,delegado,jefe,encargado,encargada,encargados,encargadas
tasador,tasador,tasadora,tasadores,tasadoras
barbero,barbero,barbera,barberos,barberas,peluquero,peluquero,peluquera,peluqueros,peluqueras
calderero,calderero,calderera,caldereros,caldereras,fogonero,fogonero,fogonera,fogoneros,fogoneras
farmaceutico,farmaceutico,farmaceutica,farmaceuticos,farmaceuticas,farmacólogo,farmacologo,farmacologa,farmacologos,farmacologas
herrero,herrero,herrera,herreros,herreras
matematico,matematico,matematica,matematicos,matematicas,actuario,actuario,actuaria,actuarios,actuarias
mayordomo,mayordomo,mayordoma,mayordomos,mayordomas,camarero,mozo,
coordinador,coordinador,coordinadora,coordinadores,coordinadoras,jefe,jefe,jefa,jefes,jefas
operador,operador,operadora,operadores,operadoras,ejecutante,operario,ejecutante,ejecutantes
tutor,tutor,tutora,tutores,tutoras,maestro,consejero,guía,maestro,maestra,maestros,maestras
fotografo,fotografo,fotografa,fotografos,fotografas,camarógrafo,camarografo,camarografa,camarografos,camarografas
motociclista,motociclista,motociclista,motociclistas,motociclistas,motorista,motorista,motoristas
pianista,pianista,pianista,pianistas,pianistas,intérprete,músico,solista,interprete,interpretes
ayudante,ayudante,ayudante,ayudantes,ayudantes,auxiliar,asistente,colaborador,auxiliar,auxiliares
representante,representante,representante,representantes,representantes,delegado,comisionado,agente,manager,portavoz,delegado,delegada,delegados,delegadas
agronomo,agronomo,agronoma,agronomos,agronomas,agricultor,cultivador,agricultor,agricultora,agricultores,agricultoras
catedratico,catedratico,catedratica,catedraticos,catedraticas,profesor,maestro,educador,pedagogo,profesor,profesora,profesores,profesoras
consejero,consejero,consejera,consejeros,consejeras,asesor,guía,orientador,asesor,asesora,asesores,asesoras
decano,decano,decana,decanos,decanas,jefe,rector,director,jefe,jefa,jefes,jefas
jardinero,jardinero,jardinera,jardineros,jardineras,floricultor,cultivador,floricultor,floricultora,floricultores,floricultoras
sereno,sereno,serena,serenos,serenas,agente,agente,agentes
auxiliar,auxiliar,auxiliara,auxiliares,auxiliaras
criador,criador,criadora,criadores,criadoras,ganadero,agricultor,productor,cultivador,ganadero,ganadera,ganaderos,ganaderas
ilustrador,ilustrador,ilustradora,ilustradores,ilustradoras,dibujante,dibujante,dibujantes
inspector,inspector,inspectora,inspectores,inspectoras,controlador,comprobador,verificador,supervisor,controlador,controladora,controladores,controladoras
programador,programador,programadora,programadores,programadoras,desarrollador,desarrollador,desarrolladora,desarrolladores,desarrolladoras
vigilante,vigilante,vigilante,vigilantes,vigilantes,policia,agente,sereno,policia,policias
taxista,taxista,taxista,taxistas,taxistas,chófer,conductor,chofer,choferes
superintendente,superintendente,superintendente,superintendentes,superintendentes,jefe,administrador,gerente,supervisor,jefe,jefa,jefes,jefas
tripulante,tripulante,tripulante,tripulantes,tripulantes,marinero,marino,navegante,piloto,marinero,marinera,marineros,marineras
archivero,archivero,archivera,archiveros,archiveras,bibliotecario,catalogador,archivista,bibliotecario,bibliotecaria,bibliotecarios,bibliotecarias
cirujano,cirujano,cirujana,cirujanos,cirujanas,operador,operador,operadora,operadores,operadoras
funcionario,funcionario,funcionaria,funcionarios,funcionarias,administrador,empleadopúblico,administrador,administradora,administradores,administradoras
tornero,tornero,tornera,torneros,torneras,fustero,mecánico,fustero,fustera,fusteros,fusteras
animador,animador,animadora,animadores,animadoras,artista,cómico,locutor,presentador,artista,artistas
expositor,expositor,expositora,expositores,expositoras,feriante,participante,feriante,feriantes
estadista,estadista,estadista,estadistas,estadistas,dirigente,dirigente,dirigentes
linguista,linguista,linguista,linguistas,linguistas,filólogo,gramático,filologo,filologa,filologos,filologas
publicista,publicista,publicista,publicistas,publicistas,escritor,cronista,autor,escritor,escritora,escritores,escritoras
terapeuta,terapeuta,terapeuta,terapeutas,terapeutas,médico,medico,medica,medicos,medicas
platero,platero,platera,plateros,plateras,joyero,joyero,joyera,joyeros,joyeras
secretario,secretario,secretaria,secretarios,secretarias
vocero,vocero,vocera,voceros,voceras
conciliador,conciliador,conciliadora,conciliadores,conciliadoras
catequista,catequista,catequista,catequistas,catequistas
domestica,domestica,domestica,domesticas,domesticas
maquinista,maquinista,maquinista,maquinistas,maquinistas
naturista,naturista,naturista,naturistas,naturistas,nutricionista,nutricionista,nutricionistas
danzante,danzante,danzante,danzantes,danzantes,bailarin,bailarin,bailarina,bailarines,bailarinas
bibliotecario,bibliotecario,bibliotecaria,bibliotecarios,bibliotecarias,archivero,bibliotecólogo,archivero,archivera,archiveros,archiveras
mecanografo,mecanografo,mecanografa,mecanografos,mecanografas,secretario,oficinista,secretario,secretaria,secretarios,secretarias
operario,operario,operaria,operarios,operarias,obrero,trabajador,obrero,obrera,obreros,obreras
afilador,afilador,afiladora,afiladores,afiladoras,amolador,amolador,amoladora,amoladores,amoladoras
desarrollador,desarrollador,desarrolladora,desarrolladores,desarrolladoras,programador,programador,programadora,programadores,programadoras
instructor,instructor,instructora,instructores,instructoras,educador,enseñante,maestro,monitor,profesor,tutor,guía,educador,educadora,educadores,educadoras
recibidor,recibidor,recibidora,recibidores,recibidoras
comprador,comprador,compradora,compradores,compradoras
cambista,cambista,cambista,cambistas,cambistas
comisionista,comisionista,comisionista,comisionistas,comisionistas,representante,corredor,representante,representantes
instrumentista,instrumentista,instrumentista,instrumentistas,instrumentistas,músico,musico,musicos
hojalatero,hojalatero,hojalatera,hojalateros,hojalateras
diseñador,diseñador,diseñadora,diseñadores,diseñadoras
educador,educador,educadora,educadores,educadoras,instructor,maestro,profesor,instructor,instructora,instructores,instructoras
luchador,luchador,luchadora,luchadores,luchadoras
predicador,predicador,predicadora,predicadores,predicadoras
tejedor,tejedor,tejedora,tejedores,tejedoras
institutriz,institutor,institutriz,institutores,institutrizas
proyectista,proyectista,proyectista,proyectistas,proyectistas
dibujante,dibujante,dibujante,dibujantes,dibujantes
oficinista,oficinista,oficinista,oficinistas,oficinistas,administrativo,administrativo,administrativa,administrativos,administrativas
bañador,bañador,bañadora,bañadores,bañadoras
clasificador,clasificador,clasificadora,clasificadores,clasificadoras
gondolero,gondolero,gondolera,gondoleros,gondoleras,reponedor,reponedor,reponedora,reponedores,reponedoras
armador,armador,armadora,armadores,armadoras
cambiador,cambiador,cambiadora,cambiadores,cambiadoras,cambista,cambista,cambistas
redactor,redactor,redactora,redactores,redactoras
repartidor,repartidor,repartidora,repartidores,repartidoras,distribuidor,distribuidor,distribuidora,distribuidores,distribuidoras
restaurador,restaurador,restauradora,restauradores,restauradoras
comediante,comediante,comediante,comediantes,comediantes,actor,actor,actora,actores,actoras
impresor,impresor,impresora,impresores,impresoras
llamador,llamador,llamadora,llamadores,llamadoras
revelador,revelador,reveladora,reveladores,reveladoras
cobrador,cobrador,cobradora,cobradores,cobradoras,recaudador,cajero,recaudador,recaudadora,recaudadores,recaudadoras
florista,florista,florista,floristas,floristas,jardinero,jardinero,jardinera,jardineros,jardineras
trabajadora,trabajador,trabajador,trabajadores,trabajadoras,empleado,empleado,empleada,empleados,empleadas
grafologo,grafologo,grafologa,grafologos,grafologas,calígrafo,caligrafo,caligrafa,caligrafos,caligrafas
tipografo,tipografo,tipografa,tipografos,tipografas,impresor,impresor,impresores
recaudador,recaudador,recaudadora,recaudadores,recaudadoras,cobrador,cobrador,cobradora,cobradores,cobradoras
motorista,motorista,motorista,motoristas,motoristas,motociclista,motociclista,motciclistas
cuidador,cuidador,cuidadora,cuidadores,cuidadoras,vigilante,guardián,vigilante,vigilantes
ojalador,ojalador,ojaladora,ojaladores,ojaladoras,volantero,volantero,volantera,volanteros,volanteras
visitador,visitador,visitadora,visitadores,visitadoras
organizadora,organizador,organizador,organizadores,organizadoras
licitador,licitador,licitadora,licitadores,licitadoras
picador,picador,picadora,picadores,picadoras
ajustador,ajustador,ajustadora,ajustadores,ajustadoras
decorador,decorador,decoradora,decoradores,decoradoras
pagador,pagador,pagadora,pagadores,pagadoras,cajero,tesorero,cajero,cajera,cajeros,cajeras
bi,bi,bi,bi,bi,businessintelligence,inteligenciacomercial
qa,qa,qa,qa,qa,qualityassurance,analistaqa,tester
ga,ga,ga,ga,ga,googleanalytics
seo,seo,seo,seo,seo,searchengineoptimization
proyectos,proyectos,proyectos,proyectos,proyectos,pmi,pmo,pm,proyecto,project
ux,ux,ux,ux,ux,userexperience
ceo,ceo,ceo,ceo,ceo,chiefexecutiveofficer,directorejecutivo
coo,coo,coo,coo,coo,chiefoperatingofficer,directordeoperaciones
cmo,cmo,cmo,cmo,cmo,chiefmarketingofficer,directordemarketing
cfo,cfo,cfo,cfo,cfo,chieffinancialofficer,directorfinanciero
cio,cio,cio,cio,cio,chiefinformationofficer
cto,cto,cto,cto,cto,chieftechnologyofficer,directordetecnología
cco,cco,cco,cco,cco,chiefcommunicationsofficer,directordemarca
product manager,product manager,product manager,product manager,product manager,jefe de producto,gerente de producto